,actionPosX1,actionPosX2,actionPosY1,actionPosY2
0,603.0,222.0,32.32,136.32
1,569.0,616.0,26.32,122.32
2,649.0,870.0,32.32,519.32
3,602.0,515.0,76.32,193.32
4,978.0,830.0,36.32,80.32
5,936.0,809.0,270.32,315.32
6,559.0,637.0,156.32,286.32
7,610.0,820.0,103.32,237.32
8,1010.0,1140.0,212.32,343.32
9,721.0,840.0,122.32,238.32
10,662.0,703.0,114.32,227.32
11,782.0,546.0,41.32,97.32
12,212.0,118.0,156.32,447.32
13,1023.0,1120.0,253.32,439.32
14,641.0,490.0,118.32,73.32
15,382.0,284.0,89.32,141.32
16,531.0,492.0,96.32,217.32
17,622.0,467.0,723.32,559.32
18,567.0,754.0,798.32,712.32
19,512.0,468.0,758.32,705.32
20,381.0,402.0,755.32,570.32
21,510.0,498.0,733.32,567.32
22,674.0,749.0,758.32,583.32
23,203.0,413.0,647.32,661.32
24,762.0,727.0,745.32,614.32
25,564.0,400.0,748.32,565.32
26,666.0,496.0,803.32,711.32
27,646.0,715.0,739.32,597.32
28,282.0,142.0,701.32,583.32
29,171.0,122.0,520.32,469.32
30,854.0,949.0,761.32,666.32
31,657.0,886.0,798.32,733.32
32,362.0,213.0,656.32,558.32
33,1017.0,858.0,765.32,709.32
34,762.0,935.0,798.32,658.32
35,894.0,1000.0,757.32,682.32
36,621.0,663.0,671.32,648.32
37,614.0,538.0,60.32,61.32
38,881.0,984.0,280.32,334.32
39,703.0,742.0,97.32,262.32
40,812.0,784.0,95.32,221.32
41,858.0,776.0,141.32,134.32
42,825.0,865.0,194.32,290.32
43,422.0,711.0,38.32,123.32
44,811.0,933.0,107.32,298.32
45,704.0,558.0,60.32,60.32
46,725.0,699.0,70.32,190.32
47,220.0,158.0,42.32,82.32
48,978.0,1165.0,166.32,251.32
49,882.0,974.0,117.32,224.32
50,1109.0,1184.0,117.32,205.32
51,828.0,629.0,42.32,95.32
52,187.0,117.0,38.32,97.32
53,470.0,371.0,28.32,132.32
54,759.0,725.0,106.32,148.32
55,436.0,400.0,46.32,120.32
56,459.0,385.0,46.32,169.32
57,856.0,1168.0,133.32,201.32
58,184.0,133.0,47.32,121.32
59,800.0,971.0,93.32,248.32
60,616.0,518.0,45.32,100.32
61,576.0,351.0,62.32,220.32
62,1094.0,1190.0,120.32,289.32
63,1251.0,1221.0,164.32,136.32
64,939.0,1153.0,45.32,305.32
65,517.0,391.0,49.32,88.32
66,972.0,1162.0,215.32,331.32
67,953.0,1115.0,73.32,272.32
68,989.0,1198.0,134.32,251.32
69,733.0,819.0,100.32,233.32
70,440.0,352.0,209.32,85.32
71,437.0,324.0,115.32,228.32
72,984.0,1069.0,93.32,234.32
73,1221.0,1208.0,251.32,168.32
74,909.0,700.0,74.32,88.32
75,534.0,394.0,49.32,79.32
76,966.0,518.0,309.32,319.32
77,508.0,606.0,112.32,178.32
78,476.0,420.0,199.32,249.32
79,869.0,849.0,482.32,366.32
80,621.0,782.0,588.32,598.32
81,688.0,569.0,563.32,729.32
82,687.0,601.0,645.32,753.32
83,1285.0,1231.0,53.32,343.32
84,861.0,693.0,566.32,642.32
85,526.0,629.0,261.32,480.32
86,569.0,461.0,317.32,281.32
87,462.0,668.0,350.32,503.32
88,1288.0,1227.0,786.32,474.32
89,736.0,1073.0,589.32,64.32
90,637.0,795.0,613.32,635.32
91,943.0,1112.0,628.32,353.32
92,352.0,456.0,699.32,755.32
93,624.0,622.0,465.32,401.32
94,634.0,641.0,477.32,326.32
95,639.0,891.0,634.32,767.32
96,846.0,1005.0,517.32,306.32
97,652.0,657.0,614.32,687.32
98,858.0,989.0,494.32,694.32
99,811.0,779.0,707.32,744.32
100,1064.0,1155.0,157.32,109.32
101,865.0,728.0,302.32,171.32
102,741.0,594.0,613.32,682.32
103,924.0,950.0,199.32,199.32
104,495.0,464.0,387.32,428.32
105,571.0,657.0,197.32,155.32
106,589.0,532.0,206.32,96.32
107,320.0,289.0,241.32,76.32
108,59.0,150.0,59.32,381.32
109,498.0,538.0,321.32,214.32
110,585.0,569.0,98.32,217.32
111,502.0,466.0,351.32,321.32
112,183.0,120.0,763.32,383.32
113,837.0,904.0,585.32,545.32
114,580.0,585.0,666.32,736.32
115,599.0,541.0,292.32,198.32
116,541.0,555.0,351.32,389.32
117,848.0,736.0,394.32,238.32
118,330.0,231.0,459.32,554.32
119,1288.0,1253.0,59.32,69.32
120,716.0,835.0,631.32,667.32
121,742.0,769.0,524.32,426.32
122,652.0,585.0,523.32,483.32
123,627.0,543.0,569.32,590.32
124,522.0,500.0,654.32,589.32
125,797.0,739.0,374.32,242.32
126,748.0,602.0,361.32,419.32
127,572.0,427.0,478.32,715.32
128,1049.0,1062.0,705.32,674.32
129,340.0,209.0,353.32,261.32
130,612.0,558.0,592.32,564.32
131,786.0,815.0,667.32,648.32
132,880.0,903.0,702.32,685.32
133,486.0,533.0,96.32,106.32
134,990.0,902.0,739.32,771.32
135,757.0,797.0,492.32,140.32
136,498.0,183.0,143.32,412.32
137,709.0,588.0,257.32,182.32
138,243.0,284.0,167.32,180.32
139,796.0,664.0,108.32,117.32
140,555.0,501.0,140.32,74.32
141,583.0,658.0,199.32,186.32
142,1027.0,855.0,113.32,223.32
143,738.0,853.0,517.32,356.32
144,746.0,686.0,147.32,101.32
145,727.0,857.0,301.32,121.32
146,336.0,374.0,41.32,103.32
147,350.0,414.0,56.32,92.32
148,716.0,1005.0,495.32,461.32
149,807.0,813.0,241.32,127.32
150,437.0,260.0,212.32,103.32
151,566.0,479.0,681.32,742.32
152,756.0,617.0,639.32,434.32
153,665.0,497.0,153.32,429.32
154,903.0,903.0,269.32,201.32
155,876.0,856.0,237.32,180.32
156,1002.0,483.0,322.32,109.32
157,725.0,491.0,449.32,601.32
158,385.0,184.0,146.32,479.32
159,897.0,831.0,214.32,175.32
160,970.0,963.0,693.32,744.32
161,605.0,450.0,631.32,711.32
162,540.0,759.0,642.32,687.32
163,823.0,1124.0,707.32,517.32
164,755.0,759.0,504.32,328.32
165,784.0,924.0,362.32,279.32
166,764.0,635.0,487.32,596.32
167,872.0,780.0,652.32,564.32
168,791.0,804.0,727.32,766.32
169,594.0,512.0,284.32,266.32
170,471.0,521.0,137.32,77.32
171,767.0,792.0,129.32,244.32
172,708.0,712.0,123.32,276.32
173,767.0,863.0,286.32,301.32
174,637.0,594.0,198.32,302.32
175,649.0,738.0,81.32,200.32
176,732.0,659.0,196.32,120.32
177,783.0,909.0,160.32,327.32
178,740.0,568.0,165.32,152.32
179,650.0,617.0,130.32,267.32
180,857.0,933.0,475.32,323.32
181,876.0,798.0,396.32,285.32
182,796.0,731.0,503.32,276.32
183,570.0,813.0,661.32,726.32
184,609.0,491.0,229.32,152.32
185,879.0,680.0,472.32,209.32
186,819.0,808.0,391.32,392.32
187,814.0,736.0,303.32,163.32
188,778.0,801.0,447.32,667.32
189,398.0,369.0,518.32,537.32
190,547.0,541.0,487.32,127.32
191,608.0,649.0,301.32,523.32
192,1080.0,1086.0,517.32,619.32
193,1090.0,1112.0,551.32,686.32
194,647.0,736.0,297.32,433.32
195,588.0,533.0,270.32,269.32
196,633.0,616.0,252.32,121.32
197,824.0,794.0,320.32,241.32
198,735.0,832.0,230.32,565.32
199,739.0,686.0,488.32,509.32
200,738.0,302.0,198.32,561.32
201,546.0,250.0,221.32,477.32
202,932.0,736.0,587.32,370.32
203,749.0,632.0,313.32,651.32
204,562.0,482.0,279.32,99.32
205,831.0,879.0,312.32,559.32
206,779.0,650.0,282.32,124.32
207,511.0,525.0,518.32,640.32
208,527.0,480.0,266.32,381.32
209,1019.0,918.0,616.32,633.32
210,911.0,751.0,393.32,564.32
211,616.0,508.0,166.32,82.32
212,614.0,480.0,224.32,438.32
213,394.0,454.0,593.32,476.32
214,828.0,846.0,510.32,324.32
215,610.0,608.0,441.32,424.32
216,417.0,331.0,665.32,547.32
217,834.0,834.0,426.32,320.32
218,711.0,1047.0,599.32,661.32
219,543.0,478.0,653.32,557.32
220,510.0,397.0,616.32,567.32
221,730.0,864.0,616.32,746.32
222,457.0,341.0,584.32,644.32
223,794.0,909.0,348.32,396.32
224,668.0,793.0,572.32,538.32
225,886.0,1178.0,709.32,677.32
226,635.0,560.0,261.32,272.32
227,477.0,479.0,658.32,525.32
228,664.0,588.0,648.32,602.32
229,795.0,898.0,699.32,777.32
230,621.0,508.0,315.32,221.32
231,736.0,839.0,656.32,761.32
232,643.0,570.0,359.32,441.32
233,705.0,478.0,584.32,768.32
234,779.0,903.0,220.32,150.32
235,538.0,430.0,469.32,472.32
236,807.0,855.0,431.32,149.32
237,800.0,899.0,217.32,445.32
238,697.0,825.0,210.32,145.32
239,822.0,775.0,134.32,219.32
240,810.0,900.0,142.32,373.32
241,423.0,275.0,272.32,398.32
242,630.0,731.0,73.32,225.32
243,761.0,810.0,251.32,96.32
244,516.0,393.0,183.32,74.32
245,873.0,783.0,473.32,460.32
246,822.0,887.0,322.32,195.32
247,811.0,589.0,278.32,451.32
248,901.0,962.0,494.32,632.32
249,916.0,807.0,385.32,512.32
250,746.0,730.0,275.32,287.32
251,249.0,220.0,209.32,252.32
252,805.0,804.0,468.32,647.32
253,512.0,387.0,214.32,92.32
254,571.0,632.0,305.32,303.32
255,461.0,278.0,98.32,63.32
256,832.0,943.0,694.32,531.32
257,550.0,583.0,106.32,67.32
258,594.0,782.0,152.32,223.32
259,758.0,873.0,167.32,466.32
260,730.0,740.0,247.32,584.32
261,400.0,133.0,190.32,151.32
262,618.0,566.0,234.32,119.32
263,808.0,942.0,224.32,249.32
264,875.0,1109.0,133.32,421.32
265,874.0,810.0,352.32,595.32
266,725.0,363.0,95.32,54.32
267,433.0,359.0,144.32,205.32
268,976.0,1099.0,390.32,302.32
269,817.0,608.0,169.32,262.32
270,716.0,306.0,171.32,774.32
271,781.0,712.0,235.32,300.32
272,656.0,503.0,220.32,436.32
273,595.0,510.0,289.32,114.32
274,594.0,590.0,92.32,139.32
275,716.0,830.0,87.32,191.32
276,964.0,859.0,245.32,481.32
277,509.0,391.0,178.32,116.32
278,730.0,715.0,322.32,132.32
279,746.0,869.0,532.32,401.32
280,499.0,699.0,535.32,295.32
281,764.0,858.0,251.32,242.32
282,714.0,728.0,205.32,109.32
283,718.0,658.0,191.32,125.32
284,553.0,633.0,327.32,174.32
285,827.0,920.0,163.32,65.32
286,449.0,378.0,263.32,243.32
287,543.0,525.0,286.32,443.32
288,736.0,1006.0,688.32,766.32
289,592.0,608.0,406.32,325.32
290,634.0,707.0,348.32,399.32
291,753.0,780.0,156.32,690.32
292,876.0,923.0,465.32,414.32
293,497.0,381.0,189.32,272.32
294,399.0,282.0,508.32,526.32
295,447.0,402.0,701.32,556.32
296,349.0,252.0,160.32,112.32
297,923.0,1183.0,213.32,258.32
298,142.0,156.0,716.32,781.32
299,811.0,932.0,707.32,631.32
300,682.0,345.0,793.32,760.32
301,922.0,883.0,332.32,422.32
302,712.0,687.0,382.32,664.32
303,635.0,591.0,501.32,702.32
304,1113.0,1156.0,425.32,348.32
305,847.0,661.0,285.32,277.32
306,598.0,398.0,241.32,288.32
307,586.0,631.0,281.32,74.32
308,592.0,616.0,278.32,453.32
309,618.0,633.0,401.32,476.32
310,818.0,768.0,187.32,77.32
311,629.0,897.0,302.32,598.32
312,668.0,822.0,413.32,507.32
313,799.0,888.0,228.32,196.32
314,474.0,406.0,161.32,92.32
315,550.0,573.0,276.32,297.32
316,179.0,201.0,301.32,399.32
317,617.0,497.0,295.32,320.32
318,507.0,458.0,362.32,337.32
319,669.0,675.0,426.32,420.32
320,563.0,610.0,336.32,706.32
321,524.0,592.0,144.32,92.32
322,945.0,891.0,191.32,146.32
323,841.0,891.0,139.32,207.32
324,889.0,865.0,127.32,208.32
325,660.0,739.0,692.32,698.32
326,738.0,636.0,372.32,391.32
327,954.0,993.0,451.32,637.32
328,500.0,341.0,289.32,103.32
329,511.0,453.0,398.32,74.32
330,510.0,428.0,378.32,374.32
331,230.0,193.0,437.32,316.32
332,450.0,131.0,298.32,236.32
333,534.0,643.0,503.32,539.32
334,175.0,444.0,783.32,642.32
335,346.0,435.0,667.32,639.32
336,1051.0,1176.0,761.32,695.32
337,674.0,659.0,417.32,432.32
338,376.0,518.0,668.32,692.32
339,518.0,458.0,326.32,103.32
340,627.0,580.0,553.32,414.32
341,679.0,736.0,576.32,517.32
342,727.0,874.0,663.32,694.32
343,260.0,402.0,57.32,59.32
344,160.0,441.0,678.32,760.32
345,590.0,638.0,573.32,585.32
346,547.0,426.0,663.32,718.32
347,673.0,669.0,418.32,404.32
348,594.0,740.0,562.32,698.32
349,757.0,729.0,196.32,110.32
350,712.0,734.0,289.32,660.32
351,669.0,838.0,406.32,496.32
352,779.0,766.0,210.32,256.32
353,735.0,773.0,538.32,420.32
354,821.0,883.0,552.32,622.32
355,695.0,877.0,572.32,386.32
356,867.0,859.0,635.32,616.32
357,231.0,201.0,482.32,479.32
358,265.0,364.0,353.32,360.32
359,868.0,775.0,547.32,324.32
360,420.0,520.0,426.32,346.32
361,762.0,912.0,708.32,627.32
362,613.0,665.0,604.32,444.32
363,658.0,516.0,427.32,405.32
364,766.0,923.0,634.32,634.32
365,768.0,853.0,562.32,772.32
366,578.0,512.0,304.32,309.32
367,583.0,483.0,280.32,374.32
368,547.0,740.0,252.32,62.32
369,778.0,791.0,473.32,71.32
370,1137.0,1263.0,535.32,678.32
371,575.0,641.0,246.32,265.32
372,876.0,738.0,772.32,742.32
373,658.0,674.0,585.32,665.32
374,652.0,784.0,409.32,419.32
375,532.0,709.0,367.32,376.32
376,791.0,899.0,745.32,640.32
377,625.0,781.0,758.32,736.32
378,345.0,438.0,451.32,517.32
379,726.0,785.0,609.32,640.32
380,475.0,537.0,724.32,651.32
381,1226.0,1051.0,469.32,369.32
382,799.0,766.0,657.32,552.32
383,674.0,673.0,420.32,415.32
384,515.0,473.0,707.32,610.32
385,753.0,556.0,256.32,112.32
386,575.0,779.0,168.32,478.32
387,602.0,622.0,625.32,701.32
388,605.0,545.0,734.32,646.32
389,591.0,582.0,509.32,548.32
390,766.0,833.0,255.32,280.32
391,802.0,824.0,393.32,365.32
392,975.0,1091.0,330.32,356.32
393,787.0,697.0,570.32,752.32
394,359.0,413.0,777.32,703.32
395,362.0,493.0,802.32,744.32
396,555.0,657.0,659.32,608.32
397,493.0,524.0,673.32,753.32
398,1047.0,1047.0,520.32,575.32
399,621.0,603.0,463.32,293.32
400,795.0,894.0,243.32,414.32
401,305.0,462.0,566.32,617.32
402,701.0,779.0,540.32,542.32
403,650.0,588.0,645.32,724.32
404,544.0,568.0,601.32,721.32
405,474.0,469.0,446.32,243.32
406,436.0,401.0,456.32,727.32
407,459.0,512.0,607.32,365.32
408,457.0,349.0,745.32,761.32
409,513.0,323.0,343.32,422.32
410,637.0,695.0,571.32,697.32
411,502.0,454.0,457.32,754.32
412,713.0,707.0,189.32,243.32
413,510.0,457.0,213.32,594.32
414,734.0,578.0,555.32,624.32
415,456.0,420.0,475.32,597.32
416,560.0,615.0,273.32,372.32
417,598.0,604.0,388.32,440.32
418,512.0,720.0,311.32,82.32
419,658.0,656.0,254.32,372.32
420,511.0,625.0,280.32,75.32
421,747.0,702.0,376.32,483.32
422,691.0,649.0,341.32,168.32
423,827.0,825.0,327.32,445.32
424,590.0,574.0,572.32,751.32
425,483.0,338.0,84.32,203.32
426,504.0,471.0,271.32,132.32
427,677.0,1002.0,314.32,720.32
428,1284.0,1160.0,783.32,351.32
429,504.0,380.0,332.32,446.32
430,835.0,950.0,211.32,194.32
431,732.0,674.0,209.32,459.32
432,515.0,572.0,324.32,299.32
433,540.0,633.0,280.32,259.32
434,555.0,596.0,277.32,84.32
435,553.0,494.0,271.32,567.32
436,479.0,426.0,254.32,142.32
437,614.0,635.0,126.32,77.32
438,753.0,729.0,543.32,655.32
439,255.0,406.0,738.32,541.32
440,193.0,378.0,764.32,698.32
441,467.0,510.0,484.32,336.32
442,461.0,153.0,501.32,579.32
443,878.0,1134.0,478.32,396.32
444,900.0,895.0,542.32,476.32
445,577.0,714.0,527.32,536.32
446,482.0,554.0,493.32,674.32
447,849.0,1001.0,531.32,628.32
448,875.0,915.0,379.32,199.32
449,439.0,450.0,715.32,781.32
450,527.0,213.0,319.32,564.32
451,670.0,527.0,107.32,72.32
452,839.0,739.0,594.32,747.32
453,799.0,941.0,402.32,317.32
454,586.0,806.0,289.32,590.32
455,785.0,935.0,661.32,566.32
456,461.0,451.0,187.32,138.32
457,431.0,220.0,625.32,265.32
458,770.0,745.0,607.32,738.32
459,452.0,366.0,653.32,745.32
460,462.0,588.0,700.32,308.32
461,63.0,189.0,55.32,413.32
462,433.0,375.0,549.32,741.32
463,623.0,757.0,766.32,733.32
464,522.0,614.0,411.32,357.32
465,626.0,662.0,697.32,439.32
466,384.0,346.0,328.32,244.32
467,542.0,567.0,654.32,726.32
468,707.0,767.0,514.32,561.32
469,617.0,522.0,241.32,355.32
470,836.0,890.0,683.32,754.32
471,726.0,715.0,352.32,287.32
472,868.0,729.0,229.32,221.32
473,653.0,645.0,340.32,103.32
474,767.0,861.0,424.32,459.32
475,788.0,914.0,310.32,203.32
476,712.0,878.0,536.32,88.32
477,598.0,593.0,410.32,384.32
478,580.0,462.0,687.32,672.32
479,942.0,839.0,385.32,228.32
480,541.0,611.0,259.32,115.32
481,575.0,396.0,552.32,496.32
482,434.0,468.0,376.32,299.32
483,688.0,694.0,422.32,503.32
484,408.0,399.0,494.32,131.32
485,468.0,436.0,591.32,95.32
486,61.0,130.0,56.32,349.32
487,230.0,330.0,704.32,770.32
488,512.0,627.0,334.32,290.32
489,469.0,472.0,204.32,80.32
490,603.0,552.0,792.32,750.32
491,453.0,206.0,220.32,572.32
492,345.0,101.0,766.32,711.32
493,586.0,640.0,784.32,756.32
494,492.0,337.0,605.32,748.32
495,111.0,194.0,678.32,478.32
496,972.0,1014.0,760.32,750.32
497,660.0,490.0,650.32,757.32
498,573.0,529.0,776.32,680.32
499,858.0,1063.0,634.32,723.32
500,956.0,942.0,677.32,661.32
501,990.0,1216.0,735.32,634.32
502,744.0,552.0,775.32,667.32
503,815.0,766.0,747.32,764.32
504,245.0,145.0,664.32,382.32
505,552.0,445.0,729.32,611.32
506,597.0,237.0,607.32,330.32
507,817.0,745.0,396.32,283.32
508,949.0,845.0,535.32,333.32
509,196.0,230.0,750.32,779.32
510,558.0,719.0,737.32,712.32
511,909.0,861.0,547.32,509.32
512,793.0,944.0,705.32,651.32
513,414.0,491.0,756.32,764.32
514,426.0,395.0,700.32,781.32
515,510.0,456.0,774.32,649.32
516,586.0,645.0,350.32,304.32
517,497.0,445.0,678.32,749.32
518,613.0,570.0,425.32,184.32
519,743.0,858.0,235.32,255.32
520,1108.0,1165.0,725.32,755.32
521,786.0,893.0,751.32,732.32
522,573.0,455.0,736.32,760.32
523,550.0,67.0,721.32,631.32
524,761.0,665.0,512.32,372.32
525,340.0,273.0,254.32,144.32
526,758.0,600.0,312.32,107.32
527,470.0,401.0,402.32,409.32
528,1131.0,1154.0,619.32,638.32
529,903.0,1000.0,642.32,725.32
530,621.0,471.0,562.32,728.32
531,722.0,822.0,628.32,371.32
532,1283.0,1226.0,57.32,355.32
533,736.0,642.0,166.32,243.32
534,857.0,871.0,123.32,79.32
535,955.0,1051.0,60.32,86.32
536,717.0,597.0,74.32,95.32
537,487.0,369.0,226.32,345.32
538,437.0,495.0,226.32,83.32
539,745.0,689.0,241.32,283.32
540,534.0,446.0,169.32,132.32
541,1044.0,1211.0,286.32,377.32
542,914.0,869.0,395.32,439.32
543,674.0,679.0,418.32,425.32
544,917.0,741.0,41.32,79.32
545,1001.0,1000.0,185.32,298.32
546,1221.0,1053.0,678.32,496.32
547,569.0,650.0,229.32,65.32
548,977.0,1155.0,705.32,413.32
549,502.0,612.0,766.32,774.32
550,890.0,738.0,784.32,753.32
551,891.0,894.0,718.32,641.32
552,856.0,929.0,530.32,407.32
553,419.0,125.0,770.32,748.32
554,786.0,830.0,406.32,171.32
555,713.0,821.0,236.32,102.32
556,667.0,668.0,599.32,561.32
557,466.0,600.0,732.32,623.32
558,541.0,429.0,769.32,634.32
559,523.0,520.0,344.32,198.32
560,144.0,210.0,87.32,66.32
561,570.0,476.0,398.32,440.32
562,806.0,1121.0,513.32,436.32
563,494.0,511.0,741.32,773.32
564,478.0,472.0,27.32,177.32
565,231.0,383.0,38.32,72.32
566,589.0,560.0,74.32,159.32
567,818.0,939.0,582.32,544.32
568,867.0,990.0,623.32,629.32
569,732.0,1062.0,587.32,463.32
570,1104.0,981.0,512.32,418.32
571,779.0,712.0,633.32,670.32
572,570.0,403.0,340.32,85.32
573,651.0,549.0,523.32,763.32
574,823.0,870.0,612.32,711.32
575,600.0,318.0,729.32,746.32
576,783.0,723.0,615.32,756.32
577,385.0,467.0,739.32,613.32
578,269.0,132.0,104.32,366.32
579,831.0,1079.0,433.32,430.32
580,764.0,725.0,524.32,602.32
581,583.0,707.0,176.32,81.32
582,376.0,397.0,241.32,359.32
583,583.0,470.0,771.32,724.32
584,572.0,330.0,731.32,438.32
585,1054.0,994.0,372.32,511.32
586,61.0,146.0,787.32,408.32
587,942.0,1034.0,570.32,684.32
588,767.0,731.0,544.32,345.32
589,584.0,360.0,129.32,98.32
590,575.0,574.0,178.32,269.32
591,695.0,544.0,155.32,98.32
592,680.0,585.0,309.32,365.32
593,669.0,613.0,135.32,243.32
594,727.0,781.0,193.32,88.32
595,552.0,451.0,233.32,156.32
596,836.0,715.0,92.32,96.32
597,650.0,733.0,222.32,747.32
598,837.0,830.0,255.32,112.32
599,940.0,831.0,93.32,186.32
600,866.0,749.0,79.32,87.32
601,1148.0,1101.0,248.32,257.32
602,610.0,472.0,147.32,185.32
603,909.0,902.0,449.32,393.32
604,613.0,585.0,308.32,371.32
605,607.0,499.0,99.32,108.32
606,401.0,360.0,102.32,58.32
607,134.0,204.0,117.32,71.32
608,623.0,358.0,640.32,643.32
609,927.0,1087.0,440.32,514.32
610,848.0,871.0,602.32,530.32
611,700.0,923.0,426.32,202.32
612,525.0,664.0,685.32,542.32
613,547.0,468.0,768.32,744.32
614,116.0,217.0,737.32,716.32
615,839.0,922.0,354.32,658.32
616,645.0,848.0,477.32,350.32
617,615.0,570.0,47.32,95.32
618,840.0,907.0,726.32,785.32
619,442.0,392.0,142.32,155.32
620,885.0,960.0,430.32,538.32
621,618.0,384.0,209.32,224.32
622,628.0,734.0,80.32,58.32
623,760.0,882.0,83.32,63.32
624,644.0,565.0,71.32,140.32
625,666.0,498.0,75.32,287.32
626,941.0,1096.0,251.32,115.32
627,859.0,643.0,25.32,171.32
628,729.0,479.0,62.32,285.32
629,969.0,951.0,35.32,209.32
630,717.0,520.0,70.32,204.32
631,777.0,718.0,80.32,142.32
632,437.0,471.0,219.32,323.32
633,757.0,562.0,61.32,134.32
634,587.0,371.0,166.32,264.32
635,509.0,629.0,22.32,88.32
636,789.0,718.0,31.32,133.32
637,753.0,482.0,60.32,53.32
638,588.0,442.0,154.32,320.32
639,508.0,574.0,220.32,302.32
640,600.0,415.0,172.32,329.32
641,298.0,245.0,258.32,120.32
642,438.0,486.0,98.32,311.32
643,1074.0,951.0,80.32,123.32
644,1049.0,1134.0,73.32,443.32
645,414.0,379.0,54.32,262.32
646,640.0,784.0,139.32,215.32
647,585.0,353.0,97.32,285.32
648,372.0,364.0,116.32,279.32
649,563.0,644.0,93.32,243.32
650,940.0,1011.0,32.32,110.32
651,548.0,594.0,201.32,280.32
652,967.0,1015.0,688.32,613.32
653,807.0,1101.0,694.32,484.32
654,903.0,825.0,354.32,354.32
655,967.0,894.0,692.32,561.32
656,535.0,591.0,602.32,562.32
657,297.0,346.0,763.32,648.32
658,62.0,128.0,792.32,493.32
659,271.0,161.0,792.32,754.32
660,563.0,583.0,759.32,519.32
661,1090.0,1170.0,242.32,182.32
662,848.0,749.0,249.32,307.32
663,752.0,827.0,335.32,372.32
664,533.0,466.0,74.32,210.32
665,550.0,730.0,61.32,138.32
666,945.0,837.0,132.32,220.32
667,746.0,1054.0,121.32,77.32
668,580.0,697.0,145.32,119.32
669,983.0,1188.0,85.32,538.32
670,736.0,805.0,97.32,81.32
671,736.0,530.0,92.32,246.32
672,375.0,398.0,85.32,195.32
673,525.0,507.0,77.32,254.32
674,414.0,414.0,152.32,172.32
675,613.0,584.0,108.32,228.32
676,361.0,368.0,96.32,212.32
677,493.0,590.0,36.32,65.32
678,439.0,313.0,81.32,132.32
679,793.0,921.0,229.32,89.32
680,694.0,486.0,171.32,363.32
681,215.0,205.0,174.32,254.32
682,483.0,577.0,158.32,293.32
683,504.0,552.0,77.32,193.32
684,755.0,890.0,43.32,245.32
685,911.0,740.0,740.32,751.32
686,594.0,745.0,756.32,589.32
687,457.0,504.0,757.32,696.32
688,578.0,706.0,724.32,630.32
689,1119.0,1064.0,572.32,536.32
690,983.0,1187.0,659.32,481.32
691,696.0,626.0,794.32,692.32
692,778.0,919.0,628.32,619.32
693,445.0,206.0,633.32,317.32
694,870.0,742.0,619.32,536.32
695,763.0,839.0,687.32,486.32
696,553.0,648.0,649.32,647.32
697,535.0,490.0,763.32,685.32
698,181.0,169.0,792.32,693.32
699,269.0,551.0,731.32,613.32
700,757.0,635.0,753.32,762.32
701,798.0,874.0,729.32,528.32
702,436.0,276.0,663.32,759.32
703,530.0,452.0,522.32,427.32
704,541.0,573.0,407.32,305.32
705,858.0,948.0,693.32,560.32
706,765.0,885.0,665.32,629.32
707,741.0,738.0,602.32,452.32
708,925.0,883.0,702.32,539.32
709,453.0,627.0,654.32,576.32
710,525.0,454.0,704.32,754.32
711,651.0,556.0,790.32,707.32
712,891.0,922.0,638.32,486.32
713,598.0,725.0,662.32,662.32
714,577.0,701.0,646.32,614.32
715,924.0,876.0,627.32,513.32
716,1002.0,853.0,661.32,726.32
717,594.0,640.0,750.32,723.32
718,854.0,1128.0,762.32,666.32
719,485.0,158.0,799.32,721.32
720,729.0,773.0,515.32,280.32
721,458.0,454.0,240.32,397.32
722,1278.0,1057.0,774.32,760.32
723,759.0,776.0,725.32,646.32
724,565.0,566.0,754.32,684.32
725,457.0,363.0,800.32,644.32
726,181.0,88.0,796.32,707.32
727,832.0,402.0,682.32,684.32
728,1020.0,917.0,755.32,569.32
729,712.0,830.0,647.32,492.32
730,752.0,586.0,663.32,775.32
731,512.0,520.0,730.32,635.32
732,650.0,879.0,733.32,698.32
733,932.0,831.0,783.32,713.32
734,1079.0,1097.0,765.32,584.32
735,1009.0,924.0,718.32,576.32
736,946.0,894.0,677.32,768.32
737,667.0,704.0,547.32,443.32
738,699.0,792.0,768.32,624.32
739,1000.0,910.0,762.32,615.32
740,801.0,789.0,820.32,724.32
741,761.0,876.0,671.32,439.32
742,648.0,563.0,615.32,733.32
743,1186.0,1177.0,372.32,250.32
744,705.0,603.0,705.32,774.32
745,889.0,919.0,650.32,606.32
746,884.0,1065.0,690.32,634.32
747,194.0,170.0,794.32,733.32
748,253.0,515.0,780.32,712.32
749,494.0,571.0,752.32,770.32
750,689.0,597.0,654.32,522.32
751,703.0,502.0,618.32,720.32
752,735.0,908.0,691.32,573.32
753,569.0,635.0,750.32,731.32
754,1075.0,1075.0,468.32,444.32
755,850.0,934.0,693.32,587.32
756,699.0,780.0,759.32,708.32
757,911.0,875.0,561.32,492.32
758,446.0,368.0,797.32,595.32
759,481.0,392.0,810.32,764.32
760,492.0,362.0,785.32,781.32
761,452.0,571.0,685.32,523.32
762,615.0,558.0,749.32,669.32
763,604.0,509.0,742.32,786.32
764,465.0,497.0,747.32,575.32
765,1056.0,1072.0,578.32,519.32
766,1087.0,1087.0,610.32,555.32
767,1129.0,697.0,761.32,651.32
768,542.0,488.0,737.32,642.32
769,497.0,699.0,675.32,676.32
770,744.0,892.0,778.32,709.32
771,493.0,796.0,502.32,608.32
772,1134.0,1102.0,801.32,725.32
773,919.0,852.0,726.32,639.32
774,410.0,251.0,735.32,359.32
775,1230.0,1103.0,377.32,224.32
776,759.0,566.0,676.32,586.32
777,1194.0,1195.0,539.32,674.32
778,591.0,620.0,727.32,623.32
779,463.0,534.0,751.32,730.32
780,1116.0,807.0,361.32,188.32
781,535.0,302.0,659.32,233.32
782,399.0,449.0,726.32,634.32
783,881.0,992.0,701.32,587.32
784,665.0,616.0,692.32,517.32
785,703.0,618.0,707.32,633.32
786,468.0,450.0,117.32,211.32
787,526.0,337.0,109.32,188.32
788,701.0,530.0,273.32,490.32
789,264.0,571.0,41.32,84.32
790,447.0,221.0,98.32,182.32
791,514.0,447.0,77.32,245.32
792,848.0,761.0,85.32,222.32
793,852.0,940.0,91.32,64.32
794,449.0,298.0,81.32,191.32
795,572.0,426.0,120.32,166.32
796,488.0,407.0,96.32,154.32
797,698.0,840.0,169.32,282.32
798,558.0,429.0,114.32,251.32
799,579.0,436.0,76.32,137.32
800,415.0,526.0,187.32,171.32
801,441.0,294.0,136.32,220.32
802,1080.0,1051.0,228.32,281.32
803,628.0,601.0,106.32,216.32
804,544.0,409.0,136.32,369.32
805,211.0,373.0,353.32,421.32
806,531.0,598.0,84.32,72.32
807,632.0,768.0,100.32,74.32
808,717.0,527.0,92.32,162.32
809,221.0,133.0,144.32,252.32
810,784.0,727.0,42.32,111.32
811,602.0,555.0,81.32,218.32
812,622.0,585.0,76.32,122.32
813,635.0,474.0,70.32,115.32
814,359.0,233.0,240.32,458.32
815,872.0,1131.0,754.32,666.32
816,726.0,905.0,754.32,608.32
817,529.0,531.0,653.32,575.32
818,750.0,836.0,628.32,455.32
819,825.0,739.0,610.32,589.32
820,775.0,799.0,750.32,659.32
821,498.0,443.0,772.32,754.32
822,881.0,660.0,752.32,609.32
823,566.0,762.0,715.32,638.32
824,864.0,832.0,680.32,514.32
825,970.0,1015.0,653.32,564.32
826,535.0,624.0,750.32,704.32
827,379.0,463.0,756.32,641.32
828,894.0,999.0,619.32,494.32
829,744.0,1051.0,710.32,390.32
830,724.0,1031.0,760.32,558.32
831,762.0,981.0,708.32,558.32
832,1203.0,1190.0,482.32,399.32
833,380.0,457.0,659.32,527.32
834,1120.0,1186.0,629.32,530.32
835,360.0,214.0,722.32,345.32
836,766.0,918.0,263.32,238.32
837,552.0,465.0,660.32,766.32
838,875.0,768.0,568.32,496.32
839,663.0,558.0,679.32,756.32
840,719.0,489.0,663.32,747.32
841,523.0,430.0,793.32,754.32
842,841.0,954.0,720.32,614.32
843,715.0,786.0,242.32,93.32
844,433.0,672.0,40.32,147.32
845,538.0,636.0,108.32,171.32
846,603.0,739.0,101.32,73.32
847,711.0,733.0,132.32,224.32
848,690.0,753.0,114.32,226.32
849,699.0,704.0,99.32,225.32
850,635.0,509.0,148.32,254.32
851,550.0,957.0,72.32,152.32
852,853.0,969.0,99.32,83.32
853,745.0,747.0,102.32,234.32
854,720.0,557.0,116.32,233.32
855,480.0,612.0,216.32,167.32
856,472.0,543.0,217.32,258.32
857,817.0,765.0,31.32,102.32
858,800.0,764.0,29.32,110.32
859,822.0,961.0,154.32,120.32
860,509.0,511.0,89.32,218.32
861,475.0,228.0,111.32,357.32
862,880.0,1037.0,739.32,557.32
863,699.0,624.0,748.32,636.32
864,758.0,594.0,612.32,762.32
865,926.0,723.0,625.32,652.32
866,799.0,648.0,662.32,638.32
867,435.0,422.0,799.32,740.32
868,782.0,632.0,716.32,673.32
869,625.0,953.0,719.32,483.32
870,503.0,369.0,750.32,782.32
871,356.0,479.0,789.32,706.32
872,362.0,403.0,716.32,623.32
873,506.0,445.0,735.32,603.32
874,693.0,603.0,775.32,688.32
875,315.0,178.0,789.32,759.32
876,579.0,426.0,791.32,746.32
877,957.0,858.0,680.32,506.32
878,791.0,463.0,650.32,756.32
879,824.0,655.0,795.32,746.32
880,654.0,526.0,794.32,759.32
881,172.0,144.0,795.32,716.32
882,1003.0,813.0,754.32,706.32
883,695.0,657.0,793.32,714.32
884,888.0,840.0,793.32,731.32
885,361.0,229.0,759.32,680.32
886,1052.0,931.0,664.32,635.32
887,930.0,753.0,794.32,769.32
888,885.0,682.0,566.32,619.32
889,773.0,725.0,483.32,368.32
890,738.0,686.0,589.32,555.32
891,1003.0,1168.0,631.32,768.32
892,1021.0,1023.0,639.32,770.32
893,1034.0,1029.0,612.32,461.32
894,940.0,945.0,640.32,451.32
895,804.0,704.0,616.32,742.32
896,944.0,1095.0,607.32,529.32
897,1065.0,1104.0,659.32,582.32
898,1049.0,965.0,63.32,63.32
899,810.0,949.0,654.32,774.32
900,1162.0,1011.0,715.32,773.32
901,982.0,909.0,636.32,402.32
902,890.0,885.0,456.32,690.32
903,671.0,951.0,221.32,66.32
904,813.0,857.0,623.32,188.32
905,681.0,566.0,412.32,350.32
906,697.0,563.0,621.32,551.32
907,727.0,675.0,141.32,102.32
908,998.0,1034.0,626.32,532.32
909,759.0,669.0,622.32,570.32
910,890.0,895.0,209.32,136.32
911,816.0,794.0,513.32,711.32
912,949.0,1148.0,612.32,552.32
913,1161.0,987.0,750.32,576.32
914,1015.0,962.0,600.32,104.32
915,753.0,744.0,698.32,726.32
916,760.0,709.0,598.32,714.32
917,1091.0,1036.0,713.32,742.32
918,696.0,558.0,427.32,388.32
919,797.0,937.0,306.32,217.32
920,176.0,86.0,781.32,705.32
921,473.0,452.0,640.32,752.32
922,270.0,361.0,111.32,119.32
923,486.0,533.0,644.32,719.32
924,60.0,233.0,786.32,713.32
925,172.0,208.0,697.32,757.32
926,396.0,532.0,156.32,263.32
927,510.0,463.0,450.32,105.32
928,519.0,657.0,739.32,617.32
929,565.0,390.0,550.32,679.32
930,605.0,650.0,593.32,685.32
931,493.0,491.0,118.32,172.32
932,536.0,497.0,238.32,286.32
933,295.0,297.0,89.32,64.32
934,413.0,339.0,241.32,236.32
935,537.0,307.0,147.32,197.32
936,850.0,933.0,223.32,229.32
937,841.0,608.0,370.32,484.32
938,591.0,594.0,223.32,358.32
939,676.0,771.0,579.32,713.32
940,645.0,808.0,782.32,753.32
941,578.0,718.0,242.32,300.32
942,379.0,350.0,108.32,60.32
943,419.0,348.0,94.32,99.32
944,375.0,454.0,76.32,232.32
945,657.0,770.0,435.32,437.32
946,399.0,476.0,115.32,248.32
947,581.0,692.0,408.32,407.32
948,384.0,539.0,125.32,177.32
949,560.0,596.0,238.32,314.32
950,332.0,184.0,767.32,692.32
951,790.0,807.0,462.32,691.32
952,507.0,707.0,753.32,698.32
953,664.0,796.0,397.32,462.32
954,809.0,778.0,534.32,487.32
955,721.0,804.0,573.32,711.32
956,402.0,300.0,511.32,655.32
957,408.0,289.0,418.32,420.32
958,725.0,971.0,78.32,239.32
959,556.0,902.0,171.32,243.32
960,362.0,435.0,208.32,236.32
961,703.0,791.0,249.32,128.32
962,405.0,445.0,184.32,233.32
963,190.0,152.0,414.32,513.32
964,211.0,187.0,343.32,466.32
965,502.0,610.0,215.32,250.32
966,357.0,485.0,354.32,136.32
967,616.0,503.0,113.32,170.32
968,487.0,542.0,137.32,237.32
969,505.0,487.0,225.32,379.32
970,472.0,185.0,390.32,396.32
971,614.0,428.0,752.32,641.32
972,864.0,804.0,437.32,301.32
973,534.0,374.0,675.32,652.32
974,749.0,755.0,254.32,125.32
975,745.0,474.0,333.32,362.32
976,665.0,780.0,616.32,507.32
977,608.0,597.0,538.32,428.32
978,778.0,542.0,776.32,732.32
979,451.0,315.0,285.32,106.32
980,532.0,593.0,91.32,64.32
981,789.0,1008.0,644.32,603.32
982,361.0,291.0,88.32,168.32
983,465.0,696.0,594.32,601.32
984,526.0,467.0,639.32,501.32
985,821.0,716.0,694.32,565.32
986,178.0,152.0,795.32,631.32
987,380.0,376.0,247.32,395.32
988,478.0,531.0,164.32,80.32
989,417.0,400.0,304.32,566.32
990,588.0,728.0,382.32,78.32
991,272.0,389.0,294.32,373.32
992,462.0,640.0,261.32,63.32
993,552.0,870.0,273.32,71.32
994,321.0,499.0,349.32,175.32
995,575.0,428.0,131.32,138.32
996,652.0,769.0,189.32,210.32
997,474.0,479.0,298.32,539.32
998,512.0,618.0,293.32,117.32
999,558.0,927.0,253.32,688.32
1000,612.0,693.0,535.32,235.32
1001,529.0,772.0,222.32,74.32
1002,417.0,495.0,267.32,304.32
1003,648.0,676.0,417.32,396.32
1004,369.0,459.0,251.32,102.32
1005,388.0,404.0,204.32,421.32
1006,473.0,497.0,377.32,681.32
1007,520.0,598.0,324.32,77.32
1008,336.0,422.0,175.32,67.32
1009,392.0,389.0,297.32,454.32
1010,491.0,572.0,339.32,673.32
1011,474.0,251.0,56.32,231.32
1012,507.0,637.0,173.32,139.32
1013,446.0,502.0,302.32,767.32
1014,443.0,602.0,272.32,232.32
1015,387.0,456.0,304.32,412.32
1016,503.0,452.0,309.32,558.32
1017,446.0,467.0,348.32,608.32
1018,424.0,471.0,357.32,634.32
1019,545.0,439.0,168.32,298.32
1020,296.0,393.0,89.32,123.32
1021,558.0,606.0,483.32,605.32
1022,835.0,610.0,459.32,693.32
1023,380.0,381.0,306.32,617.32
1024,271.0,290.0,338.32,484.32
1025,417.0,540.0,334.32,100.32
1026,454.0,866.0,444.32,579.32
1027,287.0,371.0,265.32,86.32
1028,598.0,755.0,325.32,755.32
1029,940.0,859.0,467.32,434.32
1030,1148.0,1079.0,340.32,486.32
1031,1165.0,1197.0,391.32,680.32
1032,1137.0,1240.0,703.32,492.32
1033,1012.0,988.0,709.32,595.32
1034,993.0,1070.0,628.32,443.32
1035,899.0,752.0,444.32,433.32
1036,874.0,847.0,381.32,251.32
1037,380.0,450.0,361.32,401.32
1038,467.0,570.0,460.32,487.32
1039,441.0,488.0,358.32,170.32
1040,384.0,403.0,318.32,493.32
1041,554.0,585.0,330.32,294.32
1042,406.0,287.0,287.32,456.32
1043,340.0,481.0,74.32,69.32
1044,426.0,435.0,215.32,356.32
1045,432.0,396.0,202.32,313.32
1046,513.0,529.0,226.32,76.32
1047,439.0,423.0,296.32,487.32
1048,852.0,931.0,218.32,86.32
1049,560.0,812.0,348.32,506.32
1050,320.0,366.0,113.32,70.32
1051,547.0,479.0,185.32,313.32
1052,407.0,751.0,449.32,595.32
1053,418.0,469.0,274.32,331.32
1054,610.0,792.0,320.32,316.32
1055,373.0,301.0,197.32,383.32
1056,379.0,376.0,226.32,379.32
1057,711.0,637.0,414.32,685.32
1058,184.0,268.0,204.32,126.32
1059,266.0,162.0,170.32,283.32
1060,489.0,542.0,383.32,618.32
1061,205.0,123.0,256.32,336.32
1062,448.0,455.0,240.32,281.32
1063,556.0,765.0,572.32,643.32
1064,931.0,896.0,548.32,617.32
1065,946.0,942.0,545.32,348.32
1066,1197.0,1176.0,182.32,286.32
1067,1008.0,931.0,538.32,723.32
1068,995.0,934.0,555.32,263.32
1069,886.0,836.0,551.32,578.32
1070,912.0,862.0,539.32,598.32
1071,913.0,861.0,550.32,580.32
1072,656.0,641.0,602.32,528.32
1073,568.0,559.0,668.32,748.32
1074,750.0,623.0,594.32,201.32
1075,756.0,750.0,625.32,502.32
1076,1133.0,1201.0,453.32,415.32
1077,931.0,879.0,594.32,305.32
1078,838.0,769.0,507.32,426.32
1079,876.0,493.0,451.32,97.32
1080,950.0,845.0,511.32,454.32
1081,815.0,726.0,642.32,637.32
1082,761.0,839.0,672.32,619.32
1083,921.0,836.0,571.32,497.32
1084,818.0,783.0,559.32,727.32
1085,641.0,420.0,371.32,753.32
1086,751.0,690.0,479.32,602.32
1087,1028.0,869.0,672.32,695.32
1088,962.0,918.0,551.32,635.32
1089,921.0,814.0,561.32,750.32
1090,882.0,835.0,507.32,421.32
1091,905.0,800.0,496.32,236.32
1092,926.0,877.0,515.32,677.32
1093,661.0,686.0,591.32,293.32
1094,831.0,812.0,603.32,495.32
1095,971.0,875.0,514.32,752.32
1096,946.0,943.0,543.32,302.32
1097,907.0,755.0,500.32,733.32
1098,871.0,623.0,606.32,616.32
1099,1215.0,1231.0,572.32,515.32
1100,972.0,968.0,568.32,578.32
1101,1016.0,936.0,456.32,162.32
1102,846.0,1025.0,560.32,425.32
1103,854.0,810.0,510.32,739.32
1104,833.0,535.0,496.32,334.32
1105,822.0,736.0,562.32,541.32
1106,1030.0,680.0,593.32,580.32
1107,1035.0,1184.0,523.32,419.32
1108,519.0,511.0,508.32,339.32
1109,510.0,477.0,458.32,189.32
1110,840.0,763.0,652.32,666.32
1111,844.0,638.0,551.32,548.32
1112,865.0,1030.0,489.32,400.32
1113,967.0,895.0,630.32,660.32
1114,946.0,590.0,730.32,785.32
1115,1021.0,1016.0,606.32,257.32
1116,1065.0,1113.0,518.32,409.32
1117,1210.0,1207.0,435.32,409.32
1118,1065.0,904.0,460.32,231.32
1119,855.0,819.0,468.32,752.32
1120,1085.0,975.0,686.32,689.32
1121,825.0,726.0,497.32,729.32
1122,548.0,459.0,542.32,718.32
1123,750.0,613.0,691.32,764.32
1124,916.0,1066.0,639.32,526.32
1125,1007.0,1068.0,577.32,478.32
1126,958.0,862.0,635.32,630.32
1127,1012.0,592.0,693.32,580.32
1128,1061.0,935.0,739.32,768.32
1129,1083.0,1030.0,594.32,758.32
1130,1003.0,1082.0,620.32,464.32
1131,1163.0,1161.0,479.32,639.32
1132,924.0,900.0,562.32,506.32
1133,893.0,867.0,491.32,238.32
1134,1188.0,1240.0,395.32,712.32
1135,826.0,836.0,377.32,678.32
1136,773.0,603.0,540.32,635.32
1137,975.0,774.0,520.32,544.32
1138,635.0,628.0,338.32,567.32
1139,1053.0,1145.0,695.32,514.32
1140,967.0,915.0,623.32,727.32
1141,768.0,527.0,438.32,327.32
1142,1087.0,1157.0,392.32,306.32
1143,1175.0,1280.0,408.32,145.32
1144,936.0,864.0,524.32,743.32
1145,1065.0,1132.0,636.32,474.32
1146,337.0,362.0,212.32,413.32
1147,435.0,251.0,371.32,487.32
1148,402.0,582.0,189.32,126.32
1149,365.0,496.0,267.32,70.32
1150,217.0,160.0,184.32,355.32
1151,506.0,585.0,477.32,456.32
1152,338.0,498.0,250.32,72.32
1153,345.0,457.0,342.32,352.32
1154,306.0,426.0,266.32,82.32
1155,315.0,336.0,215.32,437.32
1156,426.0,580.0,231.32,87.32
1157,429.0,413.0,219.32,501.32
1158,307.0,263.0,232.32,441.32
1159,591.0,716.0,239.32,76.32
1160,424.0,409.0,286.32,526.32
1161,331.0,484.0,217.32,218.32
1162,406.0,510.0,221.32,271.32
1163,466.0,458.0,341.32,485.32
1164,459.0,541.0,246.32,267.32
1165,457.0,567.0,124.32,80.32
1166,428.0,267.0,162.32,297.32
1167,1187.0,1058.0,424.32,240.32
1168,287.0,328.0,255.32,524.32
1169,483.0,282.0,243.32,402.32
1170,391.0,310.0,210.32,368.32
1171,404.0,593.0,192.32,72.32
1172,450.0,520.0,200.32,233.32
1173,379.0,406.0,495.32,714.32
1174,395.0,380.0,327.32,543.32
1175,382.0,467.0,242.32,86.32
1176,526.0,505.0,181.32,420.32
1177,257.0,163.0,378.32,470.32
1178,326.0,507.0,108.32,173.32
1179,350.0,662.0,430.32,570.32
1180,424.0,535.0,201.32,256.32
1181,469.0,567.0,96.32,221.32
1182,580.0,732.0,125.32,64.32
1183,544.0,405.0,149.32,245.32
1184,388.0,184.0,119.32,225.32
1185,264.0,163.0,132.32,292.32
1186,888.0,833.0,436.32,713.32
1187,855.0,862.0,462.32,269.32
1188,972.0,880.0,515.32,764.32
1189,775.0,729.0,623.32,609.32
1190,902.0,919.0,572.32,312.32
1191,864.0,840.0,554.32,757.32
1192,955.0,900.0,483.32,254.32
1193,1004.0,918.0,500.32,204.32
1194,898.0,836.0,572.32,538.32
1195,652.0,603.0,451.32,681.32
1196,708.0,389.0,435.32,745.32
1197,1000.0,941.0,563.32,432.32
1198,901.0,892.0,512.32,610.32
1199,924.0,926.0,366.32,234.32
1200,897.0,804.0,609.32,783.32
1201,822.0,790.0,339.32,193.32
1202,843.0,799.0,482.32,680.32
1203,834.0,1031.0,444.32,285.32
1204,997.0,897.0,484.32,300.32
1205,946.0,864.0,575.32,502.32
1206,1049.0,1022.0,590.32,304.32
1207,986.0,978.0,604.32,453.32
1208,947.0,991.0,614.32,421.32
1209,906.0,1103.0,431.32,589.32
1210,971.0,865.0,768.32,683.32
1211,956.0,889.0,460.32,684.32
1212,875.0,844.0,473.32,552.32
1213,1030.0,877.0,591.32,620.32
1214,979.0,966.0,604.32,251.32
1215,999.0,865.0,647.32,776.32
1216,1137.0,1193.0,663.32,405.32
1217,881.0,704.0,513.32,764.32
1218,846.0,767.0,591.32,248.32
1219,699.0,532.0,610.32,759.32
1220,869.0,831.0,437.32,251.32
1221,918.0,765.0,586.32,771.32
1222,883.0,879.0,504.32,347.32
1223,1001.0,1018.0,563.32,707.32
1224,958.0,794.0,585.32,638.32
1225,941.0,853.0,551.32,701.32
1226,560.0,516.0,753.32,772.32
1227,719.0,810.0,761.32,534.32
1228,999.0,905.0,607.32,749.32
1229,749.0,713.0,619.32,223.32
1230,1004.0,973.0,529.32,338.32
1231,810.0,485.0,538.32,771.32
1232,988.0,874.0,476.32,171.32
1233,1172.0,740.0,784.32,618.32
1234,831.0,599.0,596.32,697.32
1235,924.0,788.0,530.32,579.32
1236,985.0,763.0,563.32,575.32
1237,979.0,1075.0,536.32,388.32
1238,1191.0,1216.0,402.32,355.32
1239,873.0,1070.0,789.32,594.32
1240,811.0,585.0,757.32,766.32
1241,1094.0,1062.0,306.32,210.32
1242,806.0,635.0,672.32,653.32
1243,957.0,876.0,613.32,265.32
1244,885.0,521.0,486.32,72.32
1245,392.0,404.0,477.32,650.32
1246,312.0,342.0,396.32,156.32
1247,481.0,565.0,236.32,171.32
1248,435.0,457.0,253.32,474.32
1249,452.0,551.0,80.32,114.32
1250,505.0,620.0,303.32,363.32
1251,119.0,103.0,217.32,381.32
1252,404.0,467.0,350.32,87.32
1253,391.0,434.0,267.32,267.32
1254,563.0,805.0,249.32,293.32
1255,163.0,144.0,236.32,181.32
1256,373.0,432.0,412.32,622.32
1257,609.0,644.0,211.32,88.32
1258,776.0,866.0,566.32,484.32
1259,359.0,513.0,308.32,259.32
1260,406.0,487.0,226.32,111.32
1261,1015.0,910.0,629.32,748.32
1262,1023.0,493.0,536.32,520.32
1263,915.0,989.0,703.32,119.32
1264,909.0,446.0,530.32,697.32
1265,1089.0,1166.0,511.32,384.32
1266,800.0,766.0,533.32,608.32
1267,928.0,814.0,395.32,105.32
1268,1128.0,1195.0,671.32,489.32
1269,687.0,645.0,617.32,650.32
1270,1001.0,806.0,496.32,740.32
1271,990.0,1047.0,508.32,450.32
1272,1010.0,1125.0,607.32,373.32
1273,1071.0,1220.0,758.32,567.32
1274,1034.0,1180.0,474.32,440.32
1275,623.0,596.0,536.32,768.32
1276,1018.0,1066.0,710.32,524.32
1277,986.0,890.0,500.32,372.32
1278,617.0,548.0,569.32,749.32
1279,685.0,429.0,592.32,402.32
1280,630.0,534.0,498.32,632.32
1281,604.0,468.0,518.32,361.32
1282,144.0,88.0,636.32,730.32
1283,236.0,315.0,716.32,591.32
1284,780.0,644.0,521.32,480.32
1285,928.0,334.0,621.32,528.32
1286,524.0,384.0,607.32,764.32
1287,986.0,862.0,672.32,671.32
1288,1232.0,1262.0,689.32,543.32
1289,991.0,888.0,605.32,539.32
1290,161.0,256.0,516.32,286.32
1291,160.0,276.0,414.32,616.32
1292,113.0,178.0,501.32,669.32
1293,113.0,322.0,391.32,186.32
1294,217.0,298.0,292.32,512.32
1295,266.0,420.0,258.32,585.32
1296,110.0,68.0,335.32,394.32
1297,116.0,353.0,464.32,699.32
1298,228.0,397.0,386.32,103.32
1299,265.0,526.0,445.32,184.32
1300,318.0,431.0,436.32,461.32
1301,299.0,387.0,461.32,627.32
1302,1099.0,692.0,407.32,131.32
1303,1225.0,1138.0,470.32,691.32
1304,1239.0,1066.0,478.32,517.32
1305,1027.0,909.0,431.32,440.32
1306,1056.0,511.0,220.32,248.32
1307,1038.0,721.0,311.32,281.32
1308,1119.0,915.0,428.32,374.32
1309,1224.0,618.0,371.32,299.32
1310,1066.0,535.0,409.32,326.32
1311,1140.0,575.0,306.32,149.32
1312,307.0,436.0,483.32,197.32
1313,180.0,333.0,71.32,78.32
1314,289.0,845.0,575.32,750.32
1315,131.0,688.0,577.32,618.32
1316,245.0,321.0,434.32,701.32
1317,261.0,839.0,116.32,137.32
1318,401.0,467.0,418.32,456.32
1319,255.0,762.0,385.32,369.32
1320,213.0,337.0,329.32,112.32
1321,187.0,618.0,376.32,702.32
1322,121.0,117.0,366.32,556.32
1323,319.0,879.0,516.32,294.32
1324,1147.0,1026.0,275.32,525.32
1325,1216.0,1148.0,391.32,489.32
1326,1132.0,982.0,400.32,652.32
1327,1124.0,577.0,390.32,260.32
1328,1167.0,956.0,481.32,543.32
1329,1114.0,973.0,318.32,506.32
1330,1070.0,942.0,422.32,574.32
1331,1111.0,904.0,475.32,437.32
1332,1115.0,1063.0,353.32,483.32
1333,1043.0,930.0,190.32,119.32
1334,1110.0,995.0,363.32,506.32
1335,1234.0,1035.0,351.32,516.32
1336,1104.0,1031.0,557.32,493.32
1337,1030.0,513.0,330.32,374.32
1338,1015.0,357.0,299.32,227.32
1339,1127.0,600.0,666.32,546.32
1340,1001.0,488.0,426.32,167.32
1341,1058.0,517.0,248.32,193.32
1342,996.0,505.0,368.32,506.32
1343,1220.0,1217.0,453.32,362.32
1344,1097.0,466.0,663.32,605.32
1345,993.0,583.0,348.32,566.32
1346,1134.0,728.0,514.32,662.32
1347,909.0,409.0,317.32,290.32
1348,1148.0,1033.0,497.32,647.32
1349,1025.0,547.0,325.32,93.32
1350,1060.0,910.0,513.32,374.32
1351,1072.0,1029.0,486.32,643.32
1352,1062.0,977.0,484.32,625.32
1353,1110.0,1006.0,480.32,318.32
1354,998.0,989.0,398.32,589.32
1355,1075.0,655.0,413.32,67.32
1356,1119.0,1046.0,503.32,672.32
1357,1119.0,888.0,231.32,139.32
1358,1145.0,882.0,201.32,100.32
1359,955.0,924.0,402.32,490.32
1360,1047.0,580.0,112.32,176.32
1361,962.0,909.0,408.32,575.32
1362,1030.0,950.0,442.32,229.32
1363,1101.0,743.0,334.32,482.32
1364,1118.0,780.0,265.32,212.32
1365,1101.0,558.0,418.32,567.32
1366,1093.0,774.0,461.32,517.32
1367,1211.0,1126.0,433.32,377.32
1368,1106.0,578.0,470.32,518.32
1369,1236.0,504.0,462.32,468.32
1370,1094.0,788.0,345.32,712.32
1371,295.0,422.0,517.32,418.32
1372,148.0,378.0,438.32,752.32
1373,222.0,274.0,498.32,260.32
1374,284.0,304.0,467.32,233.32
1375,286.0,752.0,515.32,399.32
1376,240.0,296.0,348.32,513.32
1377,220.0,314.0,410.32,200.32
1378,241.0,332.0,392.32,724.32
1379,282.0,344.0,405.32,454.32
1380,355.0,402.0,375.32,199.32
1381,242.0,289.0,517.32,618.32
1382,168.0,746.0,554.32,553.32
1383,175.0,302.0,444.32,662.32
1384,224.0,363.0,377.32,132.32
1385,114.0,768.0,512.32,638.32
1386,244.0,438.0,607.32,560.32
1387,240.0,384.0,467.32,437.32
1388,320.0,367.0,430.32,236.32
1389,196.0,278.0,232.32,113.32
1390,1003.0,888.0,256.32,415.32
1391,1239.0,593.0,335.32,301.32
1392,1228.0,1122.0,362.32,157.32
1393,1123.0,898.0,527.32,772.32
1394,1228.0,972.0,318.32,340.32
1395,1015.0,550.0,348.32,116.32
1396,958.0,548.0,286.32,259.32
1397,1179.0,1002.0,247.32,274.32
1398,1105.0,710.0,334.32,66.32
1399,1208.0,1141.0,426.32,386.32
1400,1227.0,575.0,346.32,409.32
1401,1233.0,578.0,355.32,256.32
1402,1073.0,602.0,401.32,307.32
1403,1186.0,716.0,596.32,526.32
1404,1104.0,1049.0,394.32,573.32
1405,1120.0,1011.0,338.32,633.32
1406,1195.0,1053.0,394.32,138.32
1407,1046.0,993.0,456.32,340.32
1408,1127.0,541.0,420.32,497.32
1409,1057.0,875.0,374.32,126.32
1410,1093.0,1008.0,435.32,601.32
1411,1008.0,549.0,611.32,178.32
1412,1067.0,536.0,411.32,375.32
1413,1022.0,953.0,376.32,543.32
1414,1070.0,921.0,359.32,113.32
1415,1070.0,974.0,583.32,329.32
1416,1215.0,628.0,339.32,128.32
1417,227.0,866.0,521.32,679.32
1418,104.0,368.0,478.32,220.32
1419,238.0,736.0,446.32,289.32
1420,210.0,799.0,446.32,289.32
1421,225.0,595.0,443.32,239.32
1422,228.0,366.0,358.32,470.32
1423,88.0,604.0,675.32,755.32
1424,164.0,487.0,528.32,578.32
1425,142.0,655.0,610.32,620.32
1426,150.0,591.0,548.32,557.32
1427,220.0,781.0,475.32,771.32
1428,231.0,508.0,479.32,505.32
1429,237.0,391.0,464.32,463.32
1430,190.0,729.0,451.32,99.32
1431,403.0,929.0,586.32,732.32
1432,1232.0,1074.0,443.32,624.32
1433,1020.0,981.0,321.32,516.32
1434,1133.0,933.0,448.32,443.32
1435,1156.0,600.0,370.32,386.32
1436,1021.0,919.0,251.32,266.32
1437,1121.0,852.0,393.32,603.32
1438,1119.0,577.0,452.32,736.32
1439,1055.0,1019.0,351.32,470.32
1440,1127.0,1006.0,287.32,493.32
1441,1147.0,520.0,522.32,631.32
1442,1143.0,995.0,392.32,197.32
1443,1131.0,768.0,317.32,243.32
1444,1174.0,783.0,239.32,83.32
1445,943.0,615.0,411.32,87.32
1446,1138.0,818.0,380.32,696.32
1447,1132.0,787.0,405.32,336.32
1448,383.0,455.0,388.32,167.32
1449,838.0,585.0,360.32,389.32
1450,757.0,1192.0,268.32,644.32
1451,388.0,588.0,394.32,587.32
1452,641.0,437.0,301.32,498.32
1453,887.0,939.0,515.32,453.32
1454,787.0,753.0,206.32,69.32
1455,903.0,971.0,160.32,169.32
1456,972.0,922.0,135.32,78.32
1457,879.0,948.0,647.32,698.32
1458,815.0,870.0,643.32,693.32
1459,606.0,442.0,208.32,193.32
1460,503.0,511.0,306.32,242.32
1461,379.0,372.0,425.32,198.32
1462,412.0,459.0,443.32,630.32
1463,464.0,589.0,337.32,149.32
1464,518.0,985.0,478.32,764.32
1465,941.0,1053.0,438.32,508.32
1466,661.0,643.0,222.32,285.32
1467,717.0,754.0,142.32,72.32
1468,885.0,1022.0,589.32,736.32
1469,439.0,462.0,360.32,203.32
1470,513.0,314.0,453.32,433.32
1471,468.0,330.0,456.32,446.32
1472,463.0,525.0,303.32,178.32
1473,485.0,554.0,312.32,311.32
1474,761.0,764.0,555.32,506.32
1475,712.0,924.0,511.32,750.32
1476,1227.0,1242.0,469.32,344.32
1477,1014.0,1066.0,225.32,105.32
1478,664.0,743.0,314.32,223.32
1479,893.0,1003.0,247.32,89.32
1480,464.0,397.0,282.32,72.32
1481,856.0,947.0,457.32,364.32
1482,896.0,933.0,631.32,560.32
1483,816.0,896.0,564.32,544.32
1484,847.0,687.0,605.32,746.32
1485,599.0,550.0,296.32,344.32
1486,908.0,632.0,193.32,355.32
1487,604.0,469.0,612.32,591.32
1488,637.0,627.0,517.32,602.32
1489,736.0,656.0,469.32,336.32
1490,928.0,864.0,347.32,397.32
1491,619.0,597.0,586.32,657.32
1492,829.0,831.0,448.32,601.32
1493,734.0,646.0,383.32,395.32
1494,775.0,810.0,345.32,229.32
1495,706.0,754.0,618.32,487.32
1496,615.0,538.0,636.32,761.32
1497,448.0,374.0,610.32,737.32
1498,884.0,882.0,395.32,163.32
1499,830.0,892.0,416.32,504.32
1500,855.0,889.0,345.32,553.32
1501,1126.0,1007.0,54.32,70.32
1502,1090.0,1094.0,701.32,748.32
1503,935.0,884.0,726.32,707.32
1504,914.0,777.0,679.32,623.32
1505,644.0,539.0,148.32,84.32
1506,556.0,428.0,541.32,557.32
1507,884.0,690.0,226.32,164.32
1508,888.0,883.0,436.32,302.32
1509,503.0,435.0,456.32,394.32
1510,623.0,585.0,246.32,495.32
1511,642.0,700.0,461.32,559.32
1512,753.0,724.0,451.32,580.32
1513,1011.0,1020.0,691.32,711.32
1514,836.0,787.0,550.32,525.32
1515,426.0,545.0,601.32,746.32
1516,563.0,417.0,738.32,554.32
1517,700.0,781.0,775.32,779.32
1518,580.0,465.0,755.32,539.32
1519,404.0,316.0,751.32,593.32
1520,904.0,875.0,714.32,522.32
1521,857.0,871.0,716.32,656.32
1522,823.0,864.0,736.32,581.32
1523,945.0,1011.0,677.32,625.32
1524,777.0,550.0,776.32,562.32
1525,670.0,491.0,767.32,545.32
1526,795.0,958.0,647.32,763.32
1527,760.0,728.0,768.32,595.32
1528,921.0,913.0,811.32,741.32
1529,441.0,383.0,656.32,484.32
1530,568.0,424.0,695.32,550.32
1531,691.0,499.0,736.32,580.32
1532,651.0,893.0,734.32,560.32
1533,926.0,883.0,732.32,591.32
1534,434.0,413.0,622.32,376.32
1535,536.0,360.0,703.32,588.32
1536,558.0,621.0,751.32,585.32
1537,499.0,385.0,659.32,467.32
1538,632.0,269.0,626.32,451.32
1539,507.0,419.0,763.32,615.32
1540,728.0,676.0,720.32,676.32
1541,852.0,1145.0,778.32,698.32
1542,979.0,908.0,771.32,640.32
1543,469.0,506.0,753.32,485.32
1544,457.0,734.0,770.32,773.32
1545,905.0,1066.0,712.32,739.32
1546,293.0,326.0,501.32,709.32
1547,947.0,975.0,737.32,710.32
1548,598.0,499.0,638.32,524.32
1549,595.0,463.0,739.32,502.32
1550,639.0,526.0,51.32,142.32
1551,752.0,304.0,167.32,223.32
1552,1002.0,1114.0,179.32,235.32
1553,468.0,415.0,195.32,81.32
1554,178.0,135.0,51.32,167.32
1555,704.0,547.0,301.32,271.32
1556,703.0,615.0,328.32,116.32
1557,764.0,659.0,303.32,144.32
1558,743.0,630.0,342.32,367.32
1559,742.0,585.0,222.32,183.32
1560,546.0,546.0,521.32,388.32
1561,713.0,679.0,417.32,317.32
1562,264.0,309.0,198.32,243.32
1563,611.0,874.0,294.32,369.32
1564,471.0,443.0,255.32,676.32
1565,693.0,803.0,591.32,571.32
1566,633.0,582.0,310.32,101.32
1567,411.0,530.0,688.32,761.32
1568,638.0,808.0,722.32,761.32
1569,569.0,297.0,697.32,509.32
1570,836.0,1026.0,777.32,775.32
1571,476.0,536.0,716.32,574.32
1572,935.0,1037.0,654.32,734.32
1573,988.0,936.0,697.32,486.32
1574,991.0,1100.0,572.32,730.32
1575,268.0,187.0,622.32,490.32
1576,419.0,232.0,489.32,391.32
1577,976.0,927.0,740.32,648.32
1578,1026.0,1180.0,647.32,734.32
1579,1020.0,1210.0,615.32,398.32
1580,785.0,933.0,748.32,700.32
1581,511.0,347.0,635.32,469.32
1582,714.0,887.0,717.32,474.32
1583,622.0,362.0,558.32,403.32
1584,1059.0,1183.0,799.32,658.32
1585,967.0,779.0,746.32,298.32
1586,555.0,714.0,617.32,341.32
1587,584.0,606.0,297.32,204.32
1588,888.0,898.0,247.32,309.32
1589,523.0,794.0,590.32,714.32
1590,669.0,688.0,416.32,424.32
1591,776.0,746.0,693.32,727.32
1592,767.0,932.0,649.32,480.32
1593,866.0,931.0,239.32,513.32
1594,874.0,495.0,129.32,198.32
1595,424.0,340.0,319.32,371.32
1596,925.0,722.0,37.32,93.32
1597,675.0,798.0,103.32,273.32
1598,574.0,729.0,141.32,296.32
1599,794.0,867.0,109.32,242.32
1600,352.0,300.0,132.32,98.32
1601,992.0,945.0,121.32,144.32
1602,931.0,1128.0,145.32,252.32
1603,586.0,559.0,46.32,117.32
1604,653.0,794.0,68.32,139.32
1605,317.0,313.0,302.32,259.32
1606,887.0,921.0,166.32,523.32
1607,993.0,1127.0,42.32,318.32
1608,273.0,153.0,136.32,478.32
1609,410.0,100.0,132.32,506.32
1610,897.0,851.0,101.32,153.32
1611,1118.0,1187.0,412.32,635.32
1612,496.0,389.0,96.32,72.32
1613,584.0,545.0,300.32,82.32
1614,641.0,756.0,282.32,285.32
1615,780.0,768.0,739.32,664.32
1616,663.0,829.0,708.32,566.32
1617,729.0,768.0,583.32,721.32
1618,409.0,297.0,332.32,186.32
1619,778.0,579.0,243.32,247.32
1620,696.0,484.0,404.32,410.32
1621,647.0,582.0,537.32,742.32
1622,442.0,350.0,702.32,670.32
1623,458.0,386.0,377.32,207.32
1624,607.0,744.0,234.32,338.32
1625,815.0,905.0,155.32,123.32
1626,769.0,812.0,424.32,256.32
1627,733.0,851.0,555.32,560.32
1628,475.0,523.0,269.32,508.32
1629,508.0,508.0,348.32,471.32
1630,958.0,1153.0,40.32,215.32
1631,749.0,454.0,629.32,459.32
1632,519.0,660.0,694.32,528.32
1633,343.0,264.0,681.32,753.32
1634,785.0,725.0,201.32,163.32
1635,741.0,680.0,510.32,205.32
1636,479.0,558.0,253.32,218.32
1637,802.0,743.0,139.32,205.32
1638,600.0,286.0,44.32,135.32
1639,407.0,398.0,100.32,153.32
1640,691.0,856.0,36.32,157.32
1641,998.0,800.0,232.32,401.32
1642,742.0,634.0,106.32,162.32
1643,716.0,488.0,63.32,67.32
1644,345.0,88.0,37.32,243.32
1645,1130.0,1159.0,276.32,246.32
1646,538.0,458.0,32.32,157.32
1647,559.0,641.0,83.32,294.32
1648,1155.0,940.0,460.32,653.32
1649,500.0,438.0,39.32,151.32
1650,513.0,434.0,80.32,76.32
1651,635.0,555.0,104.32,73.32
1652,676.0,538.0,38.32,122.32
1653,648.0,677.0,117.32,186.32
1654,801.0,630.0,89.32,75.32
1655,742.0,740.0,202.32,374.32
1656,589.0,722.0,86.32,140.32
1657,524.0,478.0,338.32,107.32
1658,446.0,542.0,224.32,81.32
1659,381.0,387.0,423.32,193.32
1660,435.0,480.0,609.32,747.32
1661,464.0,341.0,684.32,537.32
1662,555.0,801.0,599.32,541.32
1663,525.0,497.0,520.32,732.32
1664,473.0,318.0,564.32,569.32
1665,596.0,504.0,390.32,580.32
1666,802.0,1011.0,577.32,742.32
1667,362.0,314.0,529.32,358.32
1668,705.0,775.0,356.32,156.32
1669,773.0,818.0,214.32,89.32
1670,389.0,499.0,471.32,321.32
1671,716.0,755.0,509.32,733.32
1672,526.0,559.0,533.32,510.32
1673,489.0,547.0,544.32,484.32
1674,373.0,398.0,372.32,188.32
1675,469.0,639.0,513.32,738.32
1676,517.0,536.0,538.32,617.32
1677,560.0,644.0,570.32,586.32
1678,440.0,482.0,503.32,732.32
1679,598.0,618.0,238.32,105.32
1680,598.0,392.0,220.32,190.32
1681,403.0,450.0,435.32,214.32
1682,712.0,709.0,500.32,437.32
1683,492.0,404.0,417.32,534.32
1684,361.0,361.0,502.32,560.32
1685,433.0,327.0,548.32,417.32
1686,424.0,474.0,438.32,331.32
1687,511.0,374.0,531.32,496.32
1688,428.0,363.0,592.32,440.32
1689,404.0,391.0,241.32,121.32
1690,811.0,692.0,526.32,335.32
1691,749.0,788.0,576.32,534.32
1692,728.0,884.0,672.32,757.32
1693,556.0,475.0,597.32,618.32
1694,980.0,1113.0,817.32,664.32
1695,875.0,791.0,808.32,704.32
1696,932.0,688.0,777.32,751.32
1697,844.0,1000.0,730.32,519.32
1698,848.0,791.0,763.32,676.32
1699,644.0,499.0,809.32,767.32
1700,865.0,943.0,700.32,333.32
1701,460.0,183.0,622.32,726.32
1702,810.0,952.0,665.32,522.32
1703,504.0,543.0,665.32,496.32
1704,896.0,938.0,583.32,392.32
1705,862.0,1052.0,767.32,523.32
1706,1065.0,914.0,496.32,440.32
1707,577.0,532.0,524.32,734.32
1708,939.0,982.0,665.32,516.32
1709,942.0,1157.0,699.32,575.32
1710,1254.0,1052.0,682.32,749.32
1711,987.0,1050.0,761.32,596.32
1712,559.0,397.0,632.32,772.32
1713,499.0,310.0,799.32,758.32
1714,393.0,462.0,779.32,542.32
1715,1080.0,880.0,811.32,775.32
1716,463.0,477.0,809.32,723.32
1717,1119.0,1184.0,650.32,489.32
1718,852.0,1180.0,750.32,599.32
1719,521.0,296.0,606.32,504.32
1720,919.0,752.0,540.32,534.32
1721,636.0,558.0,167.32,274.32
1722,837.0,963.0,100.32,247.32
1723,762.0,731.0,89.32,83.32
1724,1273.0,1250.0,282.32,403.32
1725,905.0,1015.0,126.32,272.32
1726,843.0,608.0,204.32,284.32
1727,770.0,722.0,180.32,251.32
1728,579.0,766.0,111.32,188.32
1729,905.0,1100.0,236.32,418.32
1730,424.0,527.0,98.32,128.32
1731,506.0,718.0,71.32,157.32
1732,1023.0,1123.0,263.32,312.32
1733,947.0,783.0,115.32,273.32
1734,868.0,1199.0,175.32,714.32
1735,517.0,352.0,126.32,80.32
1736,867.0,729.0,188.32,171.32
1737,598.0,502.0,95.32,216.32
1738,823.0,889.0,137.32,295.32
1739,490.0,146.0,100.32,103.32
1740,817.0,702.0,399.32,510.32
1741,1103.0,967.0,227.32,238.32
1742,667.0,618.0,128.32,199.32
1743,619.0,458.0,94.32,201.32
1744,520.0,798.0,77.32,242.32
1745,854.0,940.0,808.32,663.32
1746,467.0,389.0,599.32,462.32
1747,927.0,1001.0,801.32,688.32
1748,703.0,843.0,555.32,591.32
1749,545.0,286.0,629.32,559.32
1750,760.0,890.0,641.32,541.32
1751,551.0,677.0,750.32,714.32
1752,596.0,775.0,465.32,314.32
1753,612.0,499.0,753.32,602.32
1754,757.0,831.0,755.32,645.32
1755,348.0,82.0,666.32,658.32
1756,569.0,819.0,794.32,743.32
1757,876.0,1032.0,506.32,537.32
1758,297.0,178.0,526.32,482.32
1759,1038.0,1218.0,763.32,710.32
1760,160.0,114.0,717.32,570.32
1761,220.0,128.0,704.32,546.32
1762,777.0,824.0,760.32,659.32
1763,771.0,898.0,747.32,731.32
1764,958.0,828.0,679.32,696.32
1765,890.0,985.0,764.32,676.32
1766,1038.0,1026.0,773.32,685.32
1767,779.0,652.0,807.32,695.32
1768,790.0,590.0,742.32,547.32
1769,1045.0,1153.0,775.32,661.32
1770,840.0,961.0,703.32,764.32
1771,612.0,416.0,805.32,697.32
1772,414.0,379.0,615.32,503.32
1773,1041.0,1084.0,802.32,683.32
1774,279.0,147.0,813.32,647.32
1775,238.0,522.0,633.32,710.32
1776,843.0,800.0,555.32,610.32
1777,310.0,87.0,208.32,486.32
1778,413.0,484.0,82.32,65.32
1779,779.0,670.0,78.32,129.32
1780,597.0,726.0,164.32,88.32
1781,580.0,490.0,50.32,142.32
1782,751.0,697.0,275.32,419.32
1783,702.0,726.0,266.32,573.32
1784,425.0,665.0,404.32,532.32
1785,593.0,559.0,692.32,755.32
1786,573.0,439.0,705.32,721.32
1787,628.0,431.0,356.32,93.32
1788,570.0,618.0,96.32,58.32
1789,628.0,615.0,287.32,390.32
1790,658.0,472.0,250.32,208.32
1791,607.0,556.0,207.32,587.32
1792,884.0,904.0,543.32,570.32
1793,684.0,872.0,760.32,579.32
1794,954.0,887.0,578.32,493.32
1795,1194.0,1092.0,650.32,538.32
1796,797.0,696.0,772.32,643.32
1797,865.0,914.0,635.32,766.32
1798,956.0,836.0,701.32,742.32
1799,1008.0,1110.0,676.32,440.32
1800,943.0,779.0,773.32,772.32
1801,1095.0,939.0,819.32,748.32
1802,837.0,806.0,592.32,590.32
1803,591.0,609.0,618.32,580.32
1804,940.0,879.0,781.32,772.32
1805,808.0,855.0,742.32,587.32
1806,1049.0,929.0,764.32,687.32
1807,930.0,1068.0,632.32,757.32
1808,703.0,544.0,131.32,162.32
1809,835.0,833.0,229.32,280.32
1810,1181.0,1189.0,104.32,191.32
1811,1175.0,1185.0,90.32,136.32
1812,421.0,560.0,85.32,179.32
1813,654.0,905.0,154.32,192.32
1814,509.0,216.0,153.32,93.32
1815,154.0,231.0,101.32,88.32
1816,532.0,641.0,82.32,81.32
1817,303.0,164.0,88.32,95.32
1818,538.0,575.0,217.32,96.32
1819,648.0,813.0,760.32,678.32
1820,482.0,339.0,650.32,583.32
1821,817.0,574.0,764.32,712.32
1822,885.0,841.0,696.32,759.32
1823,1105.0,1018.0,732.32,710.32
1824,1246.0,1153.0,731.32,499.32
1825,1189.0,1176.0,549.32,480.32
1826,1149.0,1094.0,548.32,550.32
1827,830.0,1160.0,713.32,711.32
1828,576.0,432.0,759.32,684.32
1829,828.0,626.0,611.32,588.32
1830,557.0,411.0,741.32,633.32
1831,737.0,681.0,756.32,739.32
1832,917.0,908.0,779.32,773.32
1833,554.0,557.0,284.32,117.32
1834,531.0,512.0,196.32,236.32
1835,506.0,568.0,66.32,107.32
1836,284.0,336.0,322.32,438.32
1837,559.0,534.0,248.32,586.32
1838,357.0,149.0,62.32,108.32
1839,423.0,592.0,192.32,96.32
1840,328.0,327.0,51.32,208.32
1841,467.0,591.0,247.32,116.32
1842,1077.0,1192.0,66.32,62.32
1843,867.0,771.0,42.32,314.32
1844,464.0,536.0,403.32,410.32
1845,536.0,466.0,79.32,172.32
1846,606.0,593.0,262.32,360.32
1847,448.0,486.0,174.32,174.32
1848,403.0,473.0,82.32,150.32
1849,412.0,418.0,62.32,132.32
1850,580.0,536.0,178.32,236.32
1851,99.0,91.0,114.32,57.32
1852,222.0,232.0,61.32,164.32
1853,606.0,786.0,96.32,227.32
1854,533.0,492.0,333.32,404.32
1855,681.0,582.0,100.32,216.32
1856,256.0,228.0,172.32,435.32
1857,344.0,270.0,99.32,77.32
1858,554.0,609.0,59.32,78.32
1859,489.0,360.0,137.32,70.32
1860,300.0,398.0,89.32,115.32
1861,258.0,348.0,76.32,94.32
1862,616.0,490.0,424.32,321.32
1863,288.0,379.0,99.32,118.32
1864,618.0,781.0,371.32,322.32
1865,1023.0,1197.0,189.32,346.32
1866,820.0,998.0,165.32,131.32
1867,652.0,743.0,61.32,97.32
1868,461.0,555.0,154.32,73.32
1869,429.0,462.0,76.32,156.32
1870,530.0,308.0,47.32,85.32
1871,529.0,413.0,146.32,275.32
1872,967.0,986.0,127.32,166.32
1873,566.0,577.0,146.32,88.32
1874,206.0,138.0,132.32,491.32
1875,550.0,636.0,124.32,104.32
1876,708.0,776.0,165.32,205.32
1877,837.0,949.0,256.32,269.32
1878,600.0,443.0,173.32,393.32
1879,531.0,631.0,263.32,268.32
1880,559.0,683.0,101.32,109.32
1881,502.0,219.0,185.32,154.32
1882,533.0,587.0,100.32,188.32
1883,488.0,471.0,111.32,226.32
1884,803.0,823.0,199.32,273.32
1885,458.0,566.0,84.32,212.32
1886,450.0,525.0,270.32,259.32
1887,511.0,662.0,174.32,153.32
1888,361.0,288.0,569.32,520.32
1889,969.0,1016.0,736.32,758.32
1890,531.0,575.0,62.32,68.32
1891,597.0,683.0,143.32,78.32
1892,453.0,600.0,176.32,106.32
1893,1115.0,1232.0,159.32,252.32
1894,742.0,956.0,50.32,154.32
1895,710.0,850.0,80.32,83.32
1896,167.0,192.0,112.32,330.32
1897,576.0,780.0,39.32,89.32
1898,971.0,847.0,675.32,684.32
1899,879.0,807.0,756.32,631.32
1900,826.0,762.0,659.32,657.32
1901,699.0,584.0,700.32,653.32
1902,676.0,645.0,612.32,555.32
1903,876.0,807.0,423.32,377.32
1904,816.0,750.0,633.32,740.32
1905,826.0,869.0,709.32,761.32
1906,551.0,736.0,723.32,609.32
1907,1010.0,984.0,674.32,664.32
1908,899.0,803.0,775.32,702.32
1909,844.0,807.0,810.32,610.32
1910,821.0,604.0,279.32,216.32
1911,1183.0,1091.0,496.32,385.32
1912,986.0,902.0,568.32,634.32
1913,750.0,615.0,606.32,603.32
1914,750.0,631.0,639.32,751.32
1915,611.0,485.0,638.32,645.32
1916,645.0,656.0,695.32,556.32
1917,649.0,748.0,236.32,289.32
1918,609.0,456.0,101.32,171.32
1919,593.0,631.0,95.32,224.32
1920,867.0,788.0,608.32,459.32
1921,894.0,807.0,163.32,145.32
1922,759.0,800.0,310.32,561.32
1923,831.0,857.0,156.32,504.32
1924,748.0,748.0,281.32,206.32
1925,835.0,442.0,134.32,228.32
1926,846.0,734.0,369.32,575.32
1927,627.0,559.0,90.32,96.32
1928,997.0,969.0,285.32,261.32
1929,946.0,923.0,142.32,174.32
1930,927.0,1080.0,236.32,342.32
1931,751.0,743.0,340.32,208.32
1932,646.0,641.0,448.32,210.32
1933,802.0,873.0,162.32,461.32
1934,1043.0,1009.0,306.32,329.32
1935,552.0,480.0,204.32,251.32
1936,605.0,976.0,300.32,290.32
1937,703.0,540.0,190.32,202.32
1938,932.0,1062.0,374.32,435.32
1939,774.0,641.0,616.32,591.32
1940,914.0,970.0,604.32,718.32
1941,640.0,803.0,490.32,371.32
1942,761.0,888.0,327.32,309.32
1943,238.0,237.0,326.32,162.32
1944,866.0,809.0,293.32,98.32
1945,620.0,750.0,283.32,264.32
1946,693.0,953.0,358.32,398.32
1947,829.0,916.0,298.32,316.32
1948,478.0,409.0,623.32,764.32
1949,632.0,709.0,525.32,607.32
1950,838.0,811.0,336.32,248.32
1951,874.0,800.0,502.32,599.32
1952,747.0,651.0,550.32,732.32
1953,726.0,614.0,320.32,416.32
1954,717.0,536.0,402.32,750.32
1955,849.0,801.0,389.32,534.32
1956,858.0,845.0,496.32,657.32
1957,888.0,796.0,440.32,215.32
1958,835.0,863.0,575.32,711.32
1959,821.0,840.0,317.32,303.32
1960,714.0,807.0,240.32,300.32
1961,679.0,466.0,156.32,83.32
1962,850.0,542.0,506.32,142.32
1963,766.0,578.0,273.32,85.32
1964,584.0,460.0,99.32,74.32
1965,529.0,624.0,495.32,727.32
1966,457.0,455.0,555.32,316.32
1967,576.0,969.0,629.32,426.32
1968,338.0,333.0,530.32,275.32
1969,310.0,312.0,573.32,268.32
1970,497.0,673.0,588.32,763.32
1971,481.0,433.0,562.32,732.32
1972,429.0,271.0,740.32,519.32
1973,300.0,469.0,542.32,550.32
1974,409.0,418.0,527.32,240.32
1975,404.0,206.0,542.32,444.32
1976,509.0,592.0,646.32,749.32
1977,449.0,429.0,672.32,334.32
1978,380.0,394.0,568.32,253.32
1979,394.0,408.0,536.32,243.32
1980,490.0,985.0,746.32,739.32
1981,328.0,457.0,646.32,588.32
1982,331.0,193.0,646.32,521.32
1983,394.0,362.0,550.32,295.32
1984,373.0,358.0,536.32,257.32
1985,840.0,849.0,597.32,743.32
1986,425.0,482.0,377.32,150.32
1987,496.0,329.0,573.32,431.32
1988,386.0,428.0,502.32,594.32
1989,366.0,405.0,425.32,158.32
1990,645.0,752.0,501.32,408.32
1991,734.0,597.0,263.32,247.32
1992,784.0,866.0,156.32,116.32
1993,965.0,960.0,362.32,580.32
1994,968.0,912.0,365.32,182.32
1995,964.0,999.0,391.32,583.32
1996,910.0,830.0,423.32,447.32
1997,717.0,688.0,249.32,217.32
1998,892.0,740.0,473.32,543.32
1999,766.0,871.0,319.32,462.32
2000,128.0,167.0,573.32,478.32
2001,752.0,914.0,229.32,294.32
2002,615.0,524.0,256.32,395.32
2003,790.0,547.0,573.32,565.32
2004,899.0,807.0,384.32,520.32
2005,982.0,861.0,431.32,433.32
2006,613.0,167.0,285.32,105.32
2007,647.0,599.0,352.32,727.32
2008,470.0,482.0,488.32,94.32
2009,774.0,657.0,584.32,576.32
2010,860.0,828.0,684.32,706.32
2011,632.0,414.0,281.32,413.32
2012,866.0,842.0,332.32,111.32
2013,954.0,914.0,378.32,128.32
2014,569.0,440.0,695.32,776.32
2015,706.0,667.0,384.32,509.32
2016,830.0,956.0,513.32,657.32
2017,786.0,936.0,286.32,280.32
2018,426.0,325.0,588.32,752.32
2019,590.0,404.0,165.32,183.32
2020,521.0,347.0,360.32,451.32
2021,717.0,645.0,294.32,75.32
2022,628.0,787.0,265.32,269.32
2023,425.0,316.0,543.32,748.32
2024,541.0,598.0,316.32,292.32
2025,562.0,452.0,186.32,187.32
2026,460.0,393.0,361.32,591.32
2027,533.0,600.0,297.32,144.32
2028,803.0,823.0,635.32,718.32
2029,623.0,448.0,197.32,216.32
2030,482.0,214.0,391.32,403.32
2031,581.0,602.0,352.32,129.32
2032,726.0,644.0,172.32,73.32
2033,843.0,885.0,246.32,82.32
2034,628.0,714.0,400.32,362.32
2035,538.0,610.0,210.32,184.32
2036,476.0,541.0,388.32,341.32
2037,581.0,752.0,521.32,415.32
2038,515.0,667.0,587.32,622.32
2039,590.0,1015.0,430.32,760.32
2040,814.0,857.0,110.32,63.32
2041,474.0,308.0,563.32,510.32
2042,796.0,946.0,696.32,676.32
2043,520.0,544.0,485.32,684.32
2044,686.0,778.0,435.32,717.32
2045,483.0,585.0,522.32,688.32
2046,427.0,232.0,359.32,360.32
2047,395.0,208.0,252.32,232.32
2048,406.0,467.0,484.32,718.32
2049,519.0,401.0,567.32,478.32
2050,457.0,448.0,537.32,680.32
2051,896.0,845.0,650.32,563.32
2052,630.0,435.0,310.32,376.32
2053,870.0,690.0,254.32,418.32
2054,755.0,584.0,333.32,348.32
2055,711.0,794.0,521.32,532.32
2056,532.0,248.0,359.32,771.32
2057,696.0,294.0,292.32,641.32
2058,407.0,269.0,591.32,607.32
2059,879.0,746.0,371.32,260.32
2060,465.0,487.0,503.32,753.32
2061,671.0,901.0,401.32,77.32
2062,612.0,631.0,346.32,280.32
2063,484.0,449.0,78.32,153.32
2064,920.0,881.0,551.32,149.32
2065,621.0,566.0,80.32,153.32
2066,655.0,686.0,180.32,642.32
2067,1285.0,1178.0,783.32,362.32
2068,1191.0,1214.0,597.32,457.32
2069,425.0,321.0,155.32,397.32
2070,1046.0,947.0,81.32,187.32
2071,1003.0,966.0,168.32,191.32
2072,792.0,738.0,78.32,88.32
2073,1189.0,1032.0,735.32,687.32
2074,560.0,531.0,131.32,78.32
2075,339.0,351.0,85.32,235.32
2076,598.0,491.0,63.32,54.32
2077,882.0,749.0,108.32,139.32
2078,866.0,1002.0,390.32,430.32
2079,933.0,458.0,220.32,361.32
2080,646.0,503.0,98.32,83.32
2081,942.0,945.0,217.32,318.32
2082,797.0,982.0,727.32,601.32
2083,557.0,627.0,397.32,331.32
2084,523.0,666.0,710.32,621.32
2085,61.0,148.0,51.32,427.32
2086,636.0,751.0,683.32,747.32
2087,531.0,492.0,723.32,649.32
2088,835.0,720.0,664.32,621.32
2089,412.0,115.0,724.32,661.32
2090,423.0,547.0,755.32,726.32
2091,622.0,786.0,763.32,742.32
2092,570.0,485.0,285.32,252.32
2093,432.0,609.0,722.32,613.32
2094,608.0,752.0,600.32,632.32
2095,510.0,562.0,756.32,752.32
2096,260.0,572.0,757.32,636.32
2097,746.0,705.0,73.32,157.32
2098,888.0,702.0,75.32,190.32
2099,571.0,647.0,159.32,286.32
2100,522.0,648.0,156.32,64.32
2101,426.0,434.0,157.32,591.32
2102,1209.0,1228.0,84.32,364.32
2103,742.0,777.0,144.32,66.32
2104,684.0,726.0,389.32,272.32
2105,605.0,742.0,144.32,68.32
2106,562.0,469.0,159.32,331.32
2107,631.0,480.0,295.32,311.32
2108,607.0,805.0,556.32,586.32
2109,705.0,856.0,173.32,280.32
2110,628.0,436.0,160.32,280.32
2111,543.0,600.0,455.32,758.32
2112,627.0,523.0,67.32,109.32
2113,945.0,915.0,87.32,225.32
2114,1055.0,987.0,254.32,392.32
2115,576.0,577.0,387.32,224.32
2116,757.0,890.0,222.32,71.32
2117,939.0,904.0,157.32,260.32
2118,1018.0,986.0,127.32,77.32
2119,741.0,710.0,593.32,570.32
2120,183.0,191.0,671.32,510.32
2121,525.0,487.0,665.32,563.32
2122,462.0,398.0,651.32,339.32
2123,966.0,853.0,299.32,251.32
2124,551.0,527.0,157.32,151.32
2125,938.0,948.0,429.32,123.32
2126,825.0,675.0,224.32,443.32
2127,437.0,424.0,228.32,161.32
2128,418.0,548.0,439.32,159.32
2129,424.0,447.0,361.32,584.32
2130,424.0,423.0,474.32,251.32
2131,653.0,755.0,666.32,627.32
2132,441.0,553.0,170.32,130.32
2133,634.0,772.0,629.32,747.32
2134,630.0,584.0,312.32,112.32
2135,568.0,421.0,238.32,294.32
2136,642.0,761.0,623.32,652.32
2137,704.0,789.0,726.32,683.32
2138,811.0,919.0,781.32,754.32
2139,139.0,345.0,679.32,742.32
2140,484.0,418.0,68.32,62.32
2141,486.0,381.0,121.32,69.32
2142,346.0,298.0,38.32,85.32
2143,160.0,102.0,43.32,114.32
2144,500.0,604.0,69.32,94.32
2145,604.0,825.0,36.32,152.32
2146,406.0,409.0,186.32,239.32
2147,661.0,639.0,185.32,280.32
2148,730.0,751.0,181.32,96.32
2149,617.0,541.0,42.32,146.32
2150,979.0,921.0,42.32,102.32
2151,1123.0,1096.0,196.32,199.32
2152,502.0,255.0,40.32,78.32
2153,547.0,449.0,81.32,113.32
2154,858.0,747.0,117.32,183.32
2155,312.0,213.0,43.32,78.32
2156,578.0,491.0,120.32,157.32
2157,865.0,1111.0,74.32,234.32
2158,712.0,612.0,222.32,73.32
2159,797.0,448.0,142.32,98.32
2160,255.0,128.0,104.32,412.32
2161,750.0,622.0,39.32,76.32
2162,633.0,294.0,196.32,81.32
2163,899.0,881.0,203.32,233.32
2164,676.0,668.0,421.32,415.32
2165,431.0,217.0,207.32,213.32
2166,712.0,479.0,181.32,219.32
2167,389.0,114.0,550.32,608.32
2168,423.0,443.0,545.32,272.32
2169,452.0,616.0,530.32,779.32
2170,468.0,552.0,521.32,110.32
2171,295.0,382.0,633.32,752.32
2172,322.0,304.0,576.32,300.32
2173,782.0,882.0,609.32,601.32
2174,485.0,509.0,546.32,301.32
2175,620.0,717.0,397.32,79.32
2176,674.0,623.0,637.32,541.32
2177,893.0,915.0,708.32,744.32
2178,544.0,664.0,562.32,760.32
2179,503.0,506.0,532.32,236.32
2180,200.0,384.0,673.32,446.32
2181,481.0,439.0,625.32,346.32
2182,526.0,496.0,696.32,341.32
2183,315.0,376.0,528.32,752.32
2184,467.0,557.0,446.32,179.32
2185,451.0,582.0,532.32,496.32
2186,634.0,629.0,592.32,774.32
2187,347.0,426.0,574.32,283.32
2188,385.0,474.0,446.32,309.32
2189,483.0,550.0,572.32,269.32
2190,467.0,503.0,641.32,752.32
2191,555.0,517.0,604.32,487.32
2192,404.0,537.0,652.32,771.32
2193,434.0,452.0,576.32,340.32
2194,685.0,753.0,659.32,584.32
2195,474.0,623.0,640.32,626.32
2196,389.0,428.0,636.32,770.32
2197,622.0,619.0,428.32,149.32
2198,383.0,380.0,583.32,355.32
2199,493.0,598.0,526.32,732.32
2200,447.0,583.0,508.32,621.32
2201,1002.0,956.0,301.32,109.32
2202,1018.0,795.0,140.32,222.32
2203,915.0,932.0,377.32,443.32
2204,914.0,1100.0,463.32,434.32
2205,905.0,836.0,286.32,274.32
2206,945.0,706.0,240.32,245.32
2207,1198.0,1072.0,197.32,154.32
2208,1209.0,1021.0,380.32,444.32
2209,919.0,802.0,295.32,313.32
2210,720.0,603.0,181.32,64.32
2211,822.0,509.0,219.32,83.32
2212,625.0,605.0,209.32,88.32
2213,905.0,1163.0,270.32,309.32
2214,843.0,636.0,68.32,73.32
2215,345.0,386.0,508.32,677.32
2216,168.0,198.0,608.32,622.32
2217,563.0,437.0,536.32,349.32
2218,434.0,482.0,481.32,399.32
2219,374.0,424.0,468.32,662.32
2220,741.0,887.0,692.32,697.32
2221,477.0,514.0,586.32,717.32
2222,334.0,132.0,607.32,578.32
2223,352.0,273.0,440.32,614.32
2224,438.0,408.0,581.32,465.32
2225,452.0,494.0,439.32,222.32
2226,421.0,404.0,506.32,214.32
2227,450.0,429.0,593.32,486.32
2228,450.0,648.0,667.32,665.32
2229,707.0,407.0,591.32,416.32
2230,581.0,635.0,641.32,556.32
2231,453.0,594.0,734.32,764.32
2232,300.0,193.0,390.32,368.32
2233,379.0,432.0,425.32,229.32
2234,474.0,492.0,480.32,594.32
2235,727.0,803.0,691.32,612.32
2236,587.0,621.0,431.32,241.32
2237,499.0,509.0,341.32,575.32
2238,105.0,123.0,670.32,684.32
2239,107.0,524.0,709.32,691.32
2240,935.0,905.0,334.32,215.32
2241,934.0,887.0,317.32,137.32
2242,866.0,898.0,302.32,525.32
2243,755.0,610.0,248.32,294.32
2244,771.0,669.0,537.32,626.32
2245,781.0,784.0,311.32,587.32
2246,646.0,544.0,282.32,244.32
2247,862.0,799.0,265.32,103.32
2248,865.0,870.0,268.32,525.32
2249,427.0,456.0,375.32,640.32
2250,840.0,1073.0,445.32,405.32
2251,819.0,843.0,234.32,511.32
2252,639.0,506.0,186.32,115.32
2253,632.0,477.0,199.32,220.32
2254,668.0,619.0,284.32,283.32
2255,860.0,1046.0,41.32,198.32
2256,907.0,862.0,137.32,329.32
2257,781.0,766.0,251.32,346.32
2258,1253.0,1219.0,481.32,675.32
2259,907.0,819.0,300.32,198.32
2260,864.0,906.0,308.32,490.32
2261,641.0,556.0,606.32,709.32
2262,647.0,598.0,583.32,526.32
2263,1121.0,959.0,390.32,291.32
2264,796.0,814.0,306.32,564.32
2265,723.0,625.0,263.32,131.32
2266,874.0,843.0,499.32,550.32
2267,1076.0,1185.0,163.32,307.32
2268,784.0,714.0,329.32,452.32
2269,982.0,1047.0,221.32,511.32
2270,1200.0,1240.0,407.32,534.32
2271,852.0,876.0,205.32,434.32
2272,600.0,632.0,95.32,65.32
2273,724.0,458.0,278.32,74.32
2274,1006.0,1118.0,322.32,400.32
2275,850.0,1026.0,295.32,358.32
2276,776.0,724.0,171.32,81.32
2277,858.0,792.0,310.32,353.32
2278,919.0,954.0,318.32,542.32
2279,555.0,405.0,348.32,509.32
2280,820.0,616.0,201.32,274.32
2281,640.0,549.0,257.32,240.32
2282,1176.0,960.0,240.32,105.32
2283,908.0,845.0,314.32,161.32
2284,716.0,644.0,287.32,345.32
2285,930.0,885.0,331.32,419.32
2286,923.0,923.0,335.32,563.32
2287,859.0,761.0,445.32,269.32
2288,611.0,458.0,137.32,146.32
2289,796.0,732.0,330.32,253.32
2290,900.0,706.0,166.32,161.32
2291,994.0,910.0,411.32,550.32
2292,868.0,739.0,496.32,541.32
2293,949.0,881.0,367.32,482.32
2294,917.0,722.0,184.32,120.32
2295,814.0,955.0,249.32,395.32
2296,943.0,831.0,239.32,327.32
2297,789.0,715.0,207.32,180.32
2298,910.0,732.0,259.32,247.32
2299,834.0,719.0,246.32,235.32
2300,810.0,783.0,329.32,601.32
2301,896.0,794.0,385.32,184.32
2302,691.0,686.0,407.32,613.32
2303,872.0,760.0,284.32,320.32
2304,914.0,953.0,345.32,393.32
2305,515.0,409.0,478.32,431.32
2306,863.0,895.0,385.32,559.32
2307,813.0,631.0,355.32,178.32
2308,949.0,924.0,360.32,693.32
2309,926.0,715.0,294.32,80.32
2310,716.0,653.0,300.32,341.32
2311,843.0,876.0,359.32,533.32
2312,897.0,987.0,280.32,516.32
2313,883.0,965.0,205.32,336.32
2314,928.0,815.0,143.32,58.32
2315,632.0,785.0,207.32,171.32
2316,857.0,903.0,319.32,479.32
2317,907.0,831.0,203.32,96.32
2318,856.0,899.0,395.32,611.32
2319,760.0,836.0,193.32,397.32
2320,757.0,713.0,203.32,280.32
2321,615.0,424.0,340.32,179.32
2322,702.0,806.0,262.32,523.32
2323,856.0,963.0,335.32,728.32
2324,896.0,754.0,269.32,229.32
2325,920.0,955.0,316.32,576.32
2326,962.0,840.0,279.32,372.32
2327,1146.0,1071.0,472.32,101.32
2328,959.0,1016.0,165.32,376.32
2329,965.0,875.0,299.32,468.32
2330,897.0,726.0,179.32,244.32
2331,736.0,445.0,770.32,631.32
2332,823.0,781.0,212.32,270.32
2333,1047.0,883.0,470.32,237.32
2334,943.0,1100.0,300.32,392.32
2335,1002.0,1154.0,247.32,345.32
2336,923.0,904.0,239.32,505.32
2337,939.0,825.0,345.32,107.32
2338,909.0,919.0,287.32,559.32
2339,968.0,955.0,264.32,478.32
2340,995.0,972.0,297.32,567.32
2341,796.0,780.0,485.32,174.32
2342,930.0,1104.0,261.32,383.32
2343,484.0,434.0,383.32,542.32
2344,1052.0,976.0,629.32,652.32
2345,941.0,869.0,300.32,157.32
2346,1105.0,1006.0,303.32,273.32
2347,1129.0,1117.0,287.32,133.32
2348,909.0,786.0,270.32,281.32
2349,947.0,887.0,281.32,517.32
2350,869.0,856.0,165.32,602.32
2351,1117.0,818.0,314.32,163.32
2352,581.0,519.0,302.32,129.32
2353,554.0,393.0,165.32,71.32
2354,894.0,824.0,227.32,269.32
2355,774.0,619.0,291.32,762.32
2356,500.0,356.0,424.32,352.32
2357,401.0,367.0,295.32,282.32
2358,926.0,893.0,307.32,117.32
2359,883.0,823.0,323.32,453.32
2360,764.0,516.0,235.32,201.32
2361,765.0,729.0,500.32,705.32
2362,872.0,892.0,267.32,539.32
2363,717.0,569.0,239.32,298.32
2364,400.0,269.0,683.32,531.32
2365,376.0,228.0,409.32,416.32
2366,399.0,218.0,667.32,617.32
2367,479.0,526.0,527.32,726.32
2368,395.0,439.0,466.32,383.32
2369,444.0,404.0,494.32,383.32
2370,457.0,616.0,584.32,518.32
2371,812.0,879.0,528.32,372.32
2372,484.0,504.0,454.32,562.32
2373,864.0,1027.0,770.32,780.32
2374,939.0,920.0,573.32,408.32
2375,640.0,764.0,661.32,766.32
2376,367.0,547.0,471.32,503.32
2377,589.0,649.0,556.32,654.32
2378,423.0,362.0,627.32,406.32
2379,444.0,461.0,644.32,497.32
2380,433.0,239.0,663.32,562.32
2381,451.0,419.0,564.32,615.32
2382,391.0,476.0,510.32,547.32
2383,386.0,425.0,462.32,223.32
2384,897.0,1047.0,198.32,302.32
2385,894.0,539.0,299.32,280.32
2386,964.0,910.0,605.32,714.32
2387,973.0,1161.0,266.32,356.32
2388,1051.0,1186.0,451.32,472.32
2389,812.0,835.0,263.32,501.32
2390,1046.0,906.0,499.32,100.32
2391,927.0,701.0,200.32,214.32
2392,820.0,785.0,379.32,520.32
2393,837.0,667.0,355.32,395.32
2394,979.0,997.0,561.32,305.32
2395,1199.0,924.0,243.32,304.32
2396,595.0,89.0,365.32,121.32
2397,668.0,643.0,736.32,779.32
2398,185.0,143.0,304.32,202.32
2399,1227.0,1239.0,664.32,682.32
2400,853.0,1104.0,560.32,459.32
2401,931.0,1002.0,769.32,765.32
2402,925.0,895.0,574.32,260.32
2403,714.0,865.0,761.32,466.32
2404,664.0,685.0,483.32,689.32
2405,892.0,794.0,565.32,544.32
2406,822.0,807.0,695.32,347.32
2407,1052.0,886.0,542.32,486.32
2408,1085.0,701.0,455.32,696.32
2409,709.0,411.0,555.32,129.32
2410,944.0,963.0,570.32,375.32
2411,945.0,737.0,644.32,592.32
2412,636.0,625.0,543.32,743.32
2413,638.0,609.0,644.32,728.32
2414,690.0,632.0,656.32,506.32
2415,900.0,842.0,557.32,382.32
2416,882.0,864.0,619.32,490.32
2417,868.0,1086.0,667.32,457.32
2418,843.0,714.0,701.32,775.32
2419,798.0,1063.0,617.32,539.32
2420,771.0,697.0,627.32,584.32
2421,1029.0,920.0,587.32,602.32
2422,1012.0,999.0,580.32,383.32
2423,902.0,830.0,571.32,694.32
2424,469.0,266.0,50.32,113.32
2425,190.0,170.0,51.32,296.32
2426,915.0,1005.0,196.32,293.32
2427,639.0,583.0,150.32,122.32
2428,241.0,167.0,43.32,124.32
2429,228.0,191.0,83.32,411.32
2430,425.0,144.0,91.32,199.32
2431,650.0,742.0,88.32,160.32
2432,601.0,435.0,63.32,136.32
2433,584.0,598.0,82.32,229.32
2434,781.0,895.0,126.32,255.32
2435,583.0,472.0,95.32,98.32
2436,604.0,702.0,53.32,386.32
2437,892.0,921.0,194.32,280.32
2438,827.0,927.0,267.32,140.32
2439,919.0,833.0,266.32,223.32
2440,833.0,1006.0,319.32,263.32
2441,573.0,470.0,180.32,243.32
2442,641.0,689.0,274.32,299.32
2443,540.0,505.0,344.32,113.32
2444,671.0,510.0,297.32,355.32
2445,488.0,490.0,463.32,643.32
2446,534.0,677.0,135.32,77.32
2447,544.0,391.0,330.32,294.32
2448,478.0,375.0,398.32,441.32
2449,486.0,472.0,561.32,669.32
2450,288.0,362.0,461.32,659.32
2451,460.0,473.0,227.32,571.32
2452,293.0,245.0,256.32,233.32
2453,927.0,899.0,524.32,629.32
2454,919.0,1002.0,144.32,168.32
2455,999.0,1028.0,214.32,395.32
2456,511.0,416.0,352.32,498.32
2457,658.0,707.0,565.32,624.32
2458,1149.0,1229.0,495.32,300.32
2459,561.0,776.0,456.32,715.32
2460,1018.0,1070.0,607.32,689.32
2461,841.0,858.0,381.32,536.32
2462,465.0,570.0,402.32,108.32
2463,480.0,554.0,334.32,649.32
2464,267.0,253.0,122.32,84.32
2465,608.0,642.0,201.32,104.32
2466,526.0,478.0,393.32,618.32
2467,520.0,546.0,497.32,336.32
2468,622.0,666.0,185.32,103.32
2469,608.0,509.0,273.32,71.32
2470,684.0,571.0,202.32,111.32
2471,633.0,650.0,396.32,548.32
2472,568.0,636.0,483.32,544.32
2473,542.0,371.0,599.32,755.32
2474,562.0,644.0,129.32,68.32
2475,403.0,369.0,143.32,68.32
2476,366.0,253.0,321.32,338.32
2477,551.0,437.0,147.32,192.32
2478,744.0,851.0,202.32,254.32
2479,548.0,477.0,87.32,65.32
2480,563.0,364.0,277.32,100.32
2481,668.0,499.0,430.32,495.32
2482,813.0,862.0,192.32,295.32
2483,562.0,531.0,503.32,511.32
2484,923.0,918.0,599.32,626.32
2485,878.0,912.0,478.32,310.32
2486,384.0,238.0,173.32,98.32
2487,441.0,423.0,117.32,74.32
2488,1038.0,945.0,521.32,336.32
2489,936.0,913.0,325.32,538.32
2490,585.0,541.0,519.32,687.32
2491,693.0,639.0,596.32,457.32
2492,551.0,477.0,621.32,640.32
